{
"type": "FeatureCollection",
"name": "Rotatorias_parques",
"crs": { "type": "name", "properties": { "name": "urn:ogc:def:crs:OGC:1.3:CRS84" } },
"features": [
{ "type": "Feature", "properties": { "fid": 1 }, "geometry": { "type": "Polygon", "coordinates": [ [ [ -46.035920818142841, -23.808671229615232 ], [ -46.03591666758529, -23.808671290635782 ], [ -46.035912518804018, -23.808671417925428 ], [ -46.035908373048834, -23.80867161144581 ], [ -46.035904231568644, -23.808671871138625 ], [ -46.035900095611105, -23.808672196925674 ], [ -46.03589596642216, -23.80867258870877 ], [ -46.035891845245736, -23.808673046369925 ], [ -46.035887733323349, -23.808673569771234 ], [ -46.035883631893732, -23.808674158755053 ], [ -46.035879542192419, -23.808674813143924 ], [ -46.035875465451475, -23.80867553274074 ], [ -46.035871402898998, -23.80867631732869 ], [ -46.03586735575886, -23.808677166671433 ], [ -46.035863325250254, -23.808678080513104 ], [ -46.035859312587384, -23.808679058578399 ], [ -46.035855318979081, -23.80868010057268 ], [ -46.035851345628409, -23.808681206182044 ], [ -46.035847393732354, -23.808682375073417 ], [ -46.035843464481445, -23.808683606894693 ], [ -46.035839559059362, -23.808684901274756 ], [ -46.03583567864262, -23.808686257823673 ], [ -46.035831824400219, -23.808687676132802 ], [ -46.035827997493243, -23.808689155774857 ], [ -46.035824199074561, -23.808690696304101 ], [ -46.035820430288453, -23.808692297256442 ], [ -46.035816692270274, -23.808693958149597 ], [ -46.035812986146112, -23.808695678483215 ], [ -46.035809313032445, -23.80869745773904 ], [ -46.035805674035799, -23.808699295381071 ], [ -46.035802070252444, -23.808701190855718 ], [ -46.035798502768024, -23.808703143591959 ], [ -46.03579497265725, -23.808705153001537 ], [ -46.035791480983569, -23.808707218479107 ], [ -46.035788028798869, -23.808709339402441 ], [ -46.035784617143129, -23.808711515132597 ], [ -46.035781247044106, -23.80871374501416 ], [ -46.035777919517066, -23.808716028375343 ], [ -46.03577463556443, -23.808718364528293 ], [ -46.035771396175498, -23.808720752769243 ], [ -46.035768202326139, -23.808723192378732 ], [ -46.035765054978526, -23.808725682621809 ], [ -46.035761955080787, -23.808728222748279 ], [ -46.035758903566787, -23.808730811992945 ], [ -46.035755901355806, -23.808733449575794 ], [ -46.035752949352265, -23.808736134702212 ], [ -46.035750048445465, -23.808738866563345 ], [ -46.035747199509316, -23.80874164433618 ], [ -46.03574440340207, -23.808744467183921 ], [ -46.035741660966053, -23.808747334256179 ], [ -46.035738973027456, -23.808750244689236 ], [ -46.035736340396006, -23.808753197606329 ], [ -46.035733763864805, -23.808756192117865 ], [ -46.035731244210048, -23.808759227321762 ], [ -46.035728782190787, -23.808762302303656 ], [ -46.035726378548716, -23.808765416137174 ], [ -46.035724034007934, -23.8087685678843 ], [ -46.035721749274757, -23.808771756595544 ], [ -46.035719525037457, -23.808774981310311 ], [ -46.035717361966107, -23.80877824105713 ], [ -46.035715260712337, -23.808781534854013 ], [ -46.035713221909162, -23.808784861708681 ], [ -46.035711246170777, -23.808788220618919 ], [ -46.035709334092388, -23.808791610572847 ], [ -46.035707486250018, -23.808795030549227 ], [ -46.035705703200342, -23.808798479517797 ], [ -46.035703985480502, -23.808801956439524 ], [ -46.035702333607986, -23.808805460266992 ], [ -46.035700748080423, -23.808808989944652 ], [ -46.03569922937546, -23.808812544409193 ], [ -46.035697777950624, -23.808816122589814 ], [ -46.035696394243161, -23.808819723408579 ], [ -46.035695078669917, -23.808823345780731 ], [ -46.035693831627235, -23.808826988615028 ], [ -46.035692653490777, -23.808830650814041 ], [ -46.035691544615474, -23.808834331274532 ], [ -46.035690505335396, -23.808838028887763 ], [ -46.035689535963613, -23.808841742539791 ], [ -46.035688636792173, -23.808845471111891 ], [ -46.035687808091943, -23.808849213480809 ], [ -46.0356870501126, -23.808852968519137 ], [ -46.035686363082483, -23.80885673509567 ], [ -46.035685747208561, -23.808860512075714 ], [ -46.035685202676383, -23.808864298321446 ], [ -46.035684729650001, -23.80886809269224 ], [ -46.035684328271905, -23.808871894045037 ], [ -46.035683998663039, -23.808875701234658 ], [ -46.035683740922693, -23.808879513114185 ], [ -46.035683555128522, -23.80888332853527 ], [ -46.035683441336495, -23.808887146348514 ], [ -46.035683399580904, -23.80889096540378 ], [ -46.035683429874339, -23.808894784550574 ], [ -46.035683532207685, -23.808898602638354 ], [ -46.035683706550095, -23.808902418516908 ], [ -46.035683952849084, -23.808906231036701 ], [ -46.035684271030448, -23.808910039049191 ], [ -46.035684660998335, -23.8089138414072 ], [ -46.035685122635272, -23.808917636965273 ], [ -46.035685655802197, -23.808921424579946 ], [ -46.035686260338508, -23.808925203110235 ], [ -46.035686936062085, -23.80892897141781 ], [ -46.035687682769364, -23.808932728367473 ], [ -46.035688500235416, -23.808936472827405 ], [ -46.035689388213967, -23.808940203669611 ], [ -46.035690346437526, -23.808943919770137 ], [ -46.035691374617436, -23.808947620009501 ], [ -46.035692472443948, -23.80895130327298 ], [ -46.035693639586349, -23.808954968450998 ], [ -46.035694875693039, -23.808958614439387 ], [ -46.035696180391639, -23.808962240139802 ], [ -46.035697553289111, -23.808965844459969 ], [ -46.03569899397187, -23.808969426314075 ], [ -46.035700502005916, -23.808972984623072 ], [ -46.035702076936936, -23.808976518315028 ], [ -46.035703718290506, -23.808980026325365 ], [ -46.035705425572154, -23.808983507597318 ], [ -46.035707198267559, -23.808986961082116 ], [ -46.035709035842693, -23.808990385739403 ], [ -46.035710937743985, -23.808993780537477 ], [ -46.03571290339849, -23.808997144453635 ], [ -46.035714932214049, -23.809000476474495 ], [ -46.03571702357948, -23.809003775596263 ], [ -46.035719176864745, -23.80900704082508 ], [ -46.035721391421177, -23.809010271177261 ], [ -46.035723666581632, -23.809013465679676 ], [ -46.035726001660699, -23.809016623369949 ], [ -46.035728395954955, -23.809019743296812 ], [ -46.035730848743093, -23.809022824520383 ], [ -46.035733359286212, -23.809025866112435 ], [ -46.035735926828004, -23.809028867156666 ], [ -46.035738550594985, -23.809031826748996 ], [ -46.035741229796749, -23.809034743997842 ], [ -46.035743963626167, -23.809037618024377 ], [ -46.035746751259673, -23.809040447962779 ], [ -46.035749591857474, -23.809043232960512 ], [ -46.035752484563837, -23.809045972178595 ], [ -46.035755428507329, -23.809048664791828 ], [ -46.035758422801074, -23.809051309989034 ], [ -46.035761466543029, -23.80905390697335 ], [ -46.035764558816254, -23.80905645496242 ], [ -46.035767698689199, -23.80905895318865 ], [ -46.035770885215967, -23.809061400899441 ], [ -46.035774117436588, -23.809063797357414 ], [ -46.035777394377355, -23.809066141840606 ], [ -46.035780715051089, -23.809068433642761 ], [ -46.035784078457404, -23.809070672073428 ], [ -46.035787483583064, -23.809072856458304 ], [ -46.035790929402275, -23.809074986139308 ], [ -46.03579441487696, -23.80907706047488 ], [ -46.035797938957117, -23.809079078840117 ], [ -46.03580150058108, -23.809081040626968 ], [ -46.035805098675915, -23.809082945244445 ], [ -46.035808732157669, -23.809084792118757 ], [ -46.03581239993175, -23.809086580693542 ], [ -46.035816100893229, -23.809088310429985 ], [ -46.035819833927157, -23.809089980806988 ], [ -46.035823597908959, -23.809091591321334 ], [ -46.035827391704707, -23.809093141487857 ], [ -46.035831214171516, -23.809094630839564 ], [ -46.035835064157837, -23.809096058927793 ], [ -46.035838940503851, -23.809097425322303 ], [ -46.035842842041795, -23.80909872961147 ], [ -46.035846767596311, -23.809099971402382 ], [ -46.035850715984814, -23.809101150320931 ], [ -46.035854686017814, -23.809102266011966 ], [ -46.035858676499338, -23.809103318139378 ], [ -46.035862686227233, -23.809104306386207 ], [ -46.035866713993549, -23.80910523045474 ], [ -46.035870758584899, -23.809106090066614 ], [ -46.03587481878283, -23.809106884962837 ], [ -46.035878893364199, -23.809107614903969 ], [ -46.035882981101501, -23.809108279670113 ], [ -46.035887080763302, -23.809108879060975 ], [ -46.035891191114558, -23.809109412896014 ], [ -46.035895310916999, -23.8091098810144 ], [ -46.035899438929526, -23.809110283275121 ], [ -46.035903573908541, -23.809110619556975 ], [ -46.035907714608371, -23.809110889758674 ], [ -46.035911859781613, -23.809111093798801 ], [ -46.035916008179512, -23.809111231615905 ], [ -46.035920158552337, -23.809111303168457 ], [ -46.035924309649772, -23.809111308434908 ], [ -46.035928460221278, -23.809111247413671 ], [ -46.035932609016484, -23.809111120123124 ], [ -46.035936754785538, -23.809110926601623 ], [ -46.035940896279513, -23.809110666907451 ], [ -46.035945032250766, -23.80911034111886 ], [ -46.035949161453296, -23.80910994933399 ], [ -46.035953282643177, -23.809109491670863 ], [ -46.035957394578894, -23.80910896826736 ], [ -46.035961496021685, -23.809108379281149 ], [ -46.03596558573598, -23.809107724889689 ], [ -46.035969662489734, -23.809107005290084 ], [ -46.035973725054809, -23.809106220699139 ], [ -46.035977772207332, -23.809105371353215 ], [ -46.035981802728081, -23.809104457508177 ], [ -46.035985815402846, -23.809103479439326 ], [ -46.035989809022787, -23.809102437441311 ], [ -46.035993782384814, -23.809101331828035 ], [ -46.035997734291925, -23.809100162932566 ], [ -46.036001663553606, -23.809098931107052 ], [ -46.036005568986127, -23.809097636722576 ], [ -46.036009449412973, -23.809096280169086 ], [ -46.03601330366515, -23.809094861855247 ], [ -46.036017130581541, -23.809093382208328 ], [ -46.036020929009275, -23.809091841674086 ], [ -46.036024697804059, -23.809090240716611 ], [ -46.036028435830524, -23.809088579818205 ], [ -46.036032141962579, -23.809086859479194 ], [ -46.036035815083729, -23.809085080217873 ], [ -46.036039454087437, -23.809083242570246 ], [ -46.036043057877436, -23.809081347089901 ], [ -46.03604662536808, -23.809079394347865 ], [ -46.036050155484631, -23.809077384932408 ], [ -46.036053647163634, -23.809075319448876 ], [ -46.036057099353208, -23.80907319851951 ], [ -46.036060511013368, -23.809071022783254 ], [ -46.036063881116341, -23.809068792895538 ], [ -46.03606720864687, -23.809066509528151 ], [ -46.036070492602512, -23.809064173368945 ], [ -46.036073731993987, -23.809061785121713 ], [ -46.036076925845393, -23.809059345505919 ], [ -46.03608007319459, -23.809056855256514 ], [ -46.036083173093409, -23.809054315123689 ], [ -46.036086224608013, -23.809051725872678 ], [ -46.036089226819115, -23.809049088283491 ], [ -46.036092178822287, -23.809046403150727 ], [ -46.036095079728241, -23.809043671283284 ], [ -46.036097928663047, -23.809040893504147 ], [ -46.036100724768474, -23.809038070650157 ], [ -46.036103467202189, -23.809035203571682 ], [ -46.036106155138015, -23.809032293132447 ], [ -46.036108787766203, -23.809029340209243 ], [ -46.036111364293674, -23.809026345691667 ], [ -46.036113883944239, -23.809023310481784 ], [ -46.036116345958852, -23.809020235493993 ], [ -46.036118749595815, -23.809017121654648 ], [ -46.03612109413104, -23.809013969901802 ], [ -46.036123378858221, -23.809010781184934 ], [ -46.036125603089083, -23.809007556464646 ], [ -46.036127766153569, -23.80900429671242 ], [ -46.036129867400057, -23.809001002910243 ], [ -46.036131906195543, -23.808997676050417 ], [ -46.036133881925821, -23.808994317135138 ], [ -46.036135793995726, -23.80899092717631 ], [ -46.036137641829235, -23.80898750719518 ], [ -46.036139424869667, -23.808984058222006 ], [ -46.036141142579908, -23.808980581295831 ], [ -46.036142794442483, -23.808977077464075 ], [ -46.036144379959758, -23.808973547782291 ], [ -46.036145898654119, -23.808969993313791 ], [ -46.036147350068042, -23.808966415129387 ], [ -46.036148733764293, -23.808962814307023 ], [ -46.036150049326032, -23.80895919193145 ], [ -46.036151296356941, -23.808955549093927 ], [ -46.036152474481376, -23.808951886891869 ], [ -46.036153583344408, -23.808948206428536 ], [ -46.036154622611996, -23.808944508812665 ], [ -46.036155591971067, -23.808940795158193 ], [ -46.036156491129617, -23.808937066583862 ], [ -46.036157319816752, -23.808933324212909 ], [ -46.036158077782851, -23.808929569172761 ], [ -46.036158764799566, -23.808925802594615 ], [ -46.036159380659953, -23.808922025613175 ], [ -46.036159925178481, -23.808918239366267 ], [ -46.036160398191122, -23.808914444994514 ], [ -46.036160799555375, -23.808910643640974 ], [ -46.036161129150344, -23.808906836450827 ], [ -46.036161386876742, -23.808903024571006 ], [ -46.036161572656937, -23.808899209149828 ], [ -46.036161686434951, -23.80889539133673 ], [ -46.036161728176545, -23.808891572281819 ], [ -46.036161697869119, -23.808887753135608 ], [ -46.036161595521833, -23.80888393504862 ], [ -46.036161421165509, -23.808880119171082 ], [ -46.036161174852694, -23.808876306652522 ], [ -46.036160856657588, -23.808872498641474 ], [ -46.036160466676051, -23.808868696285128 ], [ -46.036160005025579, -23.808864900728931 ], [ -46.036159471845259, -23.808861113116333 ], [ -46.036158867295704, -23.808857334588335 ], [ -46.036158191559046, -23.808853566283254 ], [ -46.036157444838857, -23.808849809336291 ], [ -46.036156627360107, -23.808846064879244 ], [ -46.036155739369065, -23.808842334040129 ], [ -46.036154781133234, -23.808838617942875 ], [ -46.03615375294131, -23.808834917706985 ], [ -46.036152655103024, -23.808831234447144 ], [ -46.036151487949134, -23.808827569272957 ], [ -46.036150251831231, -23.808823923288561 ], [ -46.036148947121717, -23.808820297592316 ], [ -46.036147574213636, -23.80881669327648 ], [ -46.036146133520603, -23.808813111426861 ], [ -46.036144625476616, -23.808809553122508 ], [ -46.036143050535998, -23.808806019435345 ], [ -46.036141409173197, -23.808802511429931 ], [ -46.036139701882689, -23.808799030163048 ], [ -46.0361379291788, -23.80879557668344 ], [ -46.036136091595573, -23.808792152031476 ], [ -46.036134189686592, -23.808788757238844 ], [ -46.036132224024811, -23.808785393328236 ], [ -46.036130195202389, -23.808782061313021 ], [ -46.036128103830528, -23.808778762197004 ], [ -46.036125950539272, -23.808775496974032 ], [ -46.036123735977284, -23.80877226662777 ], [ -46.036121460811728, -23.808769072131355 ], [ -46.036119125728007, -23.808765914447143 ], [ -46.036116731429573, -23.808762794526409 ], [ -46.036114278637719, -23.808759713309016 ], [ -46.036111768091352, -23.808756671723192 ], [ -46.036109200546782, -23.808753670685231 ], [ -46.036106576777506, -23.808750711099201 ], [ -46.036103897573931, -23.808747793856675 ], [ -46.036101163743183, -23.808744919836485 ], [ -46.036098376108832, -23.808742089904424 ], [ -46.036095535510661, -23.80873930491304 ], [ -46.036092642804427, -23.808736565701302 ], [ -46.036089698861545, -23.808733873094397 ], [ -46.036086704568888, -23.808731227903497 ], [ -46.036083660828517, -23.808728630925451 ], [ -46.036080568557352, -23.808726082942616 ], [ -46.036077428686951, -23.808723584722586 ], [ -46.036074242163203, -23.80872113701793 ], [ -46.03607100994607, -23.808718740566054 ], [ -46.036067733009254, -23.808716396088865 ], [ -46.036064412339947, -23.808714104292665 ], [ -46.036061048938514, -23.808711865867849 ], [ -46.036057643818182, -23.808709681488743 ], [ -46.036054198004749, -23.808707551813413 ], [ -46.036050712536287, -23.808705477483421 ], [ -46.036047188462788, -23.808703459123649 ], [ -46.036043626845895, -23.808701497342149 ], [ -46.036040028758542, -23.808699592729905 ], [ -46.036036395284682, -23.808697745860684 ], [ -46.036032727518894, -23.808695957290865 ], [ -46.036029026566098, -23.808694227559258 ], [ -46.036025293541222, -23.80869255718693 ], [ -46.036021529568849, -23.808690946677114 ], [ -46.036017735782863, -23.808689396514954 ], [ -46.03601391332618, -23.808687907167453 ], [ -46.036010063350297, -23.808686479083271 ], [ -46.036006187015047, -23.808685112692626 ], [ -46.036002285488173, -23.808683808407149 ], [ -46.035998359945019, -23.808682566619758 ], [ -46.035994411568154, -23.808681387704532 ], [ -46.03599044154705, -23.80868027201663 ], [ -46.035986451077669, -23.808679219892163 ], [ -46.035982441362158, -23.808678231648074 ], [ -46.035978413608454, -23.80867730758208 ], [ -46.035974369029908, -23.808676447972552 ], [ -46.035970308844966, -23.808675653078456 ], [ -46.035966234276778, -23.808674923139254 ], [ -46.035962146552798, -23.808674258374829 ], [ -46.035958046904454, -23.808673658985459 ], [ -46.035953936566791, -23.808673125151699 ], [ -46.035949816778057, -23.808672657034393 ], [ -46.035945688779329, -23.808672254774528 ], [ -46.035941553814176, -23.808671918493303 ], [ -46.035937413128273, -23.80867164829202 ], [ -46.035933267969, -23.808671444252077 ], [ -46.035929119585099, -23.808671306434952 ], [ -46.035924969226279, -23.808671234882151 ], [ -46.035920818142841, -23.808671229615232 ] ] ] } },
{ "type": "Feature", "properties": { "fid": 2 }, "geometry": { "type": "Polygon", "coordinates": [ [ [ -46.031179017727887, -23.80639560380218 ], [ -46.031174775569795, -23.806395666037503 ], [ -46.031170535224661, -23.806395796005653 ], [ -46.031166297969897, -23.806395993667493 ], [ -46.031162065081965, -23.806396258963439 ], [ -46.031157837836062, -23.806396591813623 ], [ -46.031153617505623, -23.806396992117723 ], [ -46.031149405362044, -23.806397459755175 ], [ -46.031145202674239, -23.806397994585101 ], [ -46.031141010708275, -23.806398596446364 ], [ -46.031136830726986, -23.80639926515768 ], [ -46.031132663989602, -23.806400000517581 ], [ -46.031128511751355, -23.806400802304541 ], [ -46.031124375263126, -23.806401670277033 ], [ -46.031120255771029, -23.806402604173552 ], [ -46.031116154516063, -23.806403603712791 ], [ -46.031112072733755, -23.806404668593615 ], [ -46.031108011653743, -23.806405798495238 ], [ -46.031103972499423, -23.806406993077275 ], [ -46.031099956487616, -23.80640825197985 ], [ -46.031095964828147, -23.806409574823711 ], [ -46.031091998723511, -23.806410961210375 ], [ -46.031088059368493, -23.806412410722167 ], [ -46.031084147949848, -23.806413922922431 ], [ -46.031080265645905, -23.806415497355601 ], [ -46.031076413626195, -23.806417133547395 ], [ -46.03107259305115, -23.806418831004891 ], [ -46.031068805071747, -23.806420589216732 ], [ -46.031065050829099, -23.806422407653255 ], [ -46.031061331454197, -23.806424285766656 ], [ -46.031057648067502, -23.806426222991142 ], [ -46.031054001778656, -23.806428218743129 ], [ -46.031050393686094, -23.80643027242138 ], [ -46.031046824876775, -23.806432383407241 ], [ -46.031043296425807, -23.806434551064758 ], [ -46.031039809396148, -23.80643677474092 ], [ -46.031036364838272, -23.806439053765843 ], [ -46.031032963789862, -23.806441387452978 ], [ -46.031029607275492, -23.806443775099282 ], [ -46.031026296306322, -23.806446215985467 ], [ -46.031023031879798, -23.806448709376234 ], [ -46.031019814979331, -23.806451254520425 ], [ -46.031016646574017, -23.806453850651323 ], [ -46.031013527618349, -23.806456496986819 ], [ -46.031010459051934, -23.806459192729715 ], [ -46.031007441799183, -23.806461937067908 ], [ -46.031004476769048, -23.806464729174671 ], [ -46.031001564854748, -23.806467568208863 ], [ -46.030998706933524, -23.806470453315203 ], [ -46.030995903866327, -23.806473383624585 ], [ -46.030993156497594, -23.806476358254226 ], [ -46.030990465654966, -23.806479376308012 ], [ -46.030987832149087, -23.806482436876742 ], [ -46.030985256773306, -23.80648553903842 ], [ -46.030982740303457, -23.806488681858511 ], [ -46.030980283497641, -23.806491864390239 ], [ -46.030977887095986, -23.80649508567485 ], [ -46.030975551820426, -23.806498344741925 ], [ -46.030973278374447, -23.806501640609678 ], [ -46.030971067442962, -23.806504972285197 ], [ -46.030968919692008, -23.806508338764822 ], [ -46.030966835768602, -23.806511739034395 ], [ -46.030964816300553, -23.806515172069552 ], [ -46.030962861896228, -23.806518636836117 ], [ -46.030960973144403, -23.806522132290294 ], [ -46.030959150614073, -23.806525657379087 ], [ -46.030957394854276, -23.80652921104053 ], [ -46.030955706393968, -23.806532792204099 ], [ -46.030954085741783, -23.806536399790954 ], [ -46.030952533385964, -23.806540032714278 ], [ -46.030951049794176, -23.806543689879668 ], [ -46.030949635413343, -23.806547370185381 ], [ -46.030948290669571, -23.806551072522716 ], [ -46.030947015967975, -23.806554795776343 ], [ -46.030945811692554, -23.806558538824607 ], [ -46.030944678206119, -23.806562300539905 ], [ -46.030943615850134, -23.806566079789029 ], [ -46.030942624944657, -23.806569875433446 ], [ -46.030941705788187, -23.806573686329724 ], [ -46.030940858657637, -23.806577511329799 ], [ -46.030940083808218, -23.806581349281402 ], [ -46.030939381473374, -23.806585199028316 ], [ -46.030938751864667, -23.806589059410818 ], [ -46.030938195171785, -23.806592929265936 ], [ -46.030937711562444, -23.806596807427876 ], [ -46.030937301182334, -23.806600692728324 ], [ -46.030936964155103, -23.806604583996815 ], [ -46.030936700582266, -23.806608480061104 ], [ -46.030936510543249, -23.806612379747488 ], [ -46.030936394095299, -23.806616281881162 ], [ -46.030936351273503, -23.806620185286612 ], [ -46.030936382090779, -23.806624088787906 ], [ -46.030936486537847, -23.806627991209115 ], [ -46.030936664583237, -23.806631891374625 ], [ -46.030936916173324, -23.806635788109489 ], [ -46.030937241232323, -23.806639680239805 ], [ -46.030937639662319, -23.806643566593049 ], [ -46.030938111343289, -23.806647445998447 ], [ -46.030938656133138, -23.806651317287336 ], [ -46.030939273867766, -23.806655179293447 ], [ -46.030939964361067, -23.806659030853353 ], [ -46.030940727405046, -23.806662870806754 ], [ -46.03094156276984, -23.806666697996842 ], [ -46.030942470203783, -23.806670511270671 ], [ -46.030943449433536, -23.806674309479487 ], [ -46.030944500164097, -23.806678091479053 ], [ -46.030945622078939, -23.806681856130041 ], [ -46.030946814840078, -23.806685602298316 ], [ -46.030948078088201, -23.806689328855342 ], [ -46.030949411442769, -23.806693034678489 ], [ -46.030950814502091, -23.806696718651342 ], [ -46.030952286843508, -23.806700379664111 ], [ -46.03095382802347, -23.806704016613889 ], [ -46.030955437577703, -23.806707628405039 ], [ -46.030957115021316, -23.806711213949495 ], [ -46.030958859848994, -23.806714772167094 ], [ -46.030960671535091, -23.806718301985899 ], [ -46.030962549533854, -23.806721802342562 ], [ -46.030964493279519, -23.806725272182568 ], [ -46.03096650218653, -23.806728710460629 ], [ -46.030968575649695, -23.806732116140925 ], [ -46.030970713044397, -23.806735488197507 ], [ -46.030972913726735, -23.806738825614531 ], [ -46.030975177033753, -23.806742127386556 ], [ -46.030977502283612, -23.806745392518938 ], [ -46.030979888775832, -23.806748620028024 ], [ -46.030982335791478, -23.806751808941534 ], [ -46.030984842593384, -23.806754958298789 ], [ -46.030987408426363, -23.806758067151005 ], [ -46.030990032517458, -23.806761134561668 ], [ -46.030992714076149, -23.806764159606683 ], [ -46.030995452294611, -23.806767141374753 ], [ -46.030998246347949, -23.806770078967595 ], [ -46.031001095394444, -23.806772971500266 ], [ -46.031003998575812, -23.806775818101361 ], [ -46.03100695501746, -23.806778617913331 ], [ -46.031009963828751, -23.806781370092736 ], [ -46.031013024103274, -23.806784073810448 ], [ -46.031016134919099, -23.806786728251982 ], [ -46.0310192953391, -23.806789332617651 ], [ -46.031022504411176, -23.806791886122912 ], [ -46.031025761168593, -23.806794387998476 ], [ -46.031029064630232, -23.806796837490662 ], [ -46.031032413800908, -23.80679923386154 ], [ -46.031035807671685, -23.806801576389216 ], [ -46.031039245220143, -23.806803864367968 ], [ -46.031042725410693, -23.806806097108527 ], [ -46.031046247194929, -23.806808273938287 ], [ -46.031049809511899, -23.806810394201463 ], [ -46.03105341128844, -23.806812457259333 ], [ -46.03105705143949, -23.806814462490358 ], [ -46.031060728868454, -23.80681640929048 ], [ -46.031064442467475, -23.8068182970732 ], [ -46.031068191117839, -23.806820125269834 ], [ -46.031071973690224, -23.806821893329612 ], [ -46.031075789045126, -23.806823600719898 ], [ -46.031079636033162, -23.806825246926348 ], [ -46.031083513495396, -23.806826831453023 ], [ -46.031087420263724, -23.806828353822578 ], [ -46.031091355161216, -23.8068298135764 ], [ -46.031095317002482, -23.806831210274719 ], [ -46.03109930459398, -23.806832543496792 ], [ -46.031103316734438, -23.806833812840949 ], [ -46.031107352215194, -23.806835017924833 ], [ -46.031111409820511, -23.80683615838538 ], [ -46.031115488328041, -23.80683723387903 ], [ -46.031119586509099, -23.806838244081778 ], [ -46.031123703129111, -23.80683918868931 ], [ -46.031127836947896, -23.806840067417042 ], [ -46.031131986720148, -23.806840880000273 ], [ -46.031136151195717, -23.806841626194185 ], [ -46.031140329120035, -23.806842305774001 ], [ -46.031144519234481, -23.806842918535001 ], [ -46.031148720276775, -23.806843464292569 ], [ -46.031152930981321, -23.806843942882299 ], [ -46.031157150079622, -23.806844354160024 ], [ -46.031161376300659, -23.806844698001829 ], [ -46.031165608371268, -23.806844974304152 ], [ -46.031169845016514, -23.806845182983729 ], [ -46.031174084960085, -23.806845323977715 ], [ -46.031178326924682, -23.806845397243624 ], [ -46.031182569632385, -23.806845402759386 ], [ -46.031186811805071, -23.806845340523353 ], [ -46.03119105216475, -23.806845210554251 ], [ -46.031195289434002, -23.806845012891248 ], [ -46.031199522336337, -23.8068447475939 ], [ -46.031203749596557, -23.806844414742102 ], [ -46.031207969941192, -23.806844014436155 ], [ -46.031212182098834, -23.806843546796639 ], [ -46.031216384800558, -23.806843011964435 ], [ -46.031220576780278, -23.806842410100671 ], [ -46.031224756775146, -23.806841741386656 ], [ -46.031228923525902, -23.806841006023834 ], [ -46.031233075777308, -23.806840204233755 ], [ -46.031237212278477, -23.806839336257944 ], [ -46.031241331783256, -23.806838402357908 ], [ -46.03124543305065, -23.806837402814956 ], [ -46.031249514845108, -23.806836337930232 ], [ -46.031253575936994, -23.80683520802452 ], [ -46.031257615102867, -23.806834013438234 ], [ -46.031261631125908, -23.806832754531204 ], [ -46.031265622796298, -23.806831431682742 ], [ -46.031269588911499, -23.806830045291314 ], [ -46.031273528276721, -23.806828595774597 ], [ -46.0312774397052, -23.806827083569253 ], [ -46.031281322018607, -23.806825509130864 ], [ -46.031285174047383, -23.806823872933712 ], [ -46.031288994631076, -23.806822175470721 ], [ -46.031292782618728, -23.806820417253263 ], [ -46.031296536869192, -23.806818598811006 ], [ -46.031300256251484, -23.806816720691756 ], [ -46.031303939645113, -23.806814783461316 ], [ -46.031307585940461, -23.806812787703279 ], [ -46.031311194039056, -23.806810734018878 ], [ -46.031314762853945, -23.8068086230268 ], [ -46.031318291310008, -23.806806455362981 ], [ -46.031321778344285, -23.806804231680445 ], [ -46.031325222906297, -23.806801952649099 ], [ -46.031328623958352, -23.806799618955484 ], [ -46.031331980475862, -23.806797231302649 ], [ -46.031335291447682, -23.806794790409896 ], [ -46.031338555876367, -23.806792297012549 ], [ -46.031341772778482, -23.806789751861746 ], [ -46.031344941184933, -23.806787155724219 ], [ -46.031348060141227, -23.806784509382091 ], [ -46.031351128707769, -23.806781813632565 ], [ -46.031354145960151, -23.806779069287753 ], [ -46.031357110989397, -23.806776277174393 ], [ -46.031360022902298, -23.806773438133639 ], [ -46.031362880821618, -23.806770553020741 ], [ -46.03136568388642, -23.806767622704871 ], [ -46.031368431252261, -23.806764648068793 ], [ -46.031371122091485, -23.806761630008623 ], [ -46.031373755593478, -23.806758569433576 ], [ -46.031376330964889, -23.806755467265642 ], [ -46.031378847429878, -23.806752324439394 ], [ -46.031381304230365, -23.806749141901584 ], [ -46.031383700626215, -23.806745920610986 ], [ -46.031386035895522, -23.806742661538035 ], [ -46.031388309334773, -23.806739365664519 ], [ -46.031390520259095, -23.806736033983352 ], [ -46.031392668002447, -23.806732667498192 ], [ -46.031394751917809, -23.806729267223229 ], [ -46.031396771377409, -23.806725834182807 ], [ -46.031398725772874, -23.806722369411123 ], [ -46.031400614515441, -23.806718873951983 ], [ -46.031402437036128, -23.806715348858379 ], [ -46.031404192785899, -23.806711795192285 ], [ -46.03140588123582, -23.80670821402423 ], [ -46.031407501877261, -23.806704606433069 ], [ -46.031409054222003, -23.806700973505606 ], [ -46.031410537802401, -23.806697316336269 ], [ -46.031411952171517, -23.806693636026786 ], [ -46.031413296903281, -23.806689933685881 ], [ -46.031414571592592, -23.806686210428875 ], [ -46.031415775855443, -23.806682467377438 ], [ -46.031416909329067, -23.806678705659166 ], [ -46.031417971671999, -23.806674926407279 ], [ -46.031418962564217, -23.806671130760314 ], [ -46.031419881707201, -23.806667319861699 ], [ -46.031420728824081, -23.806663494859492 ], [ -46.031421503659665, -23.806659656905993 ], [ -46.031422205980519, -23.806655807157394 ], [ -46.031422835575093, -23.806651946773435 ], [ -46.031423392253714, -23.806648076917082 ], [ -46.031423875848695, -23.806644198754135 ], [ -46.03142428621436, -23.806640313452913 ], [ -46.031424623227075, -23.806636422183871 ], [ -46.031424886785338, -23.806632526119262 ], [ -46.031425076809754, -23.80662862643279 ], [ -46.031425193243074, -23.806624724299251 ], [ -46.031425236050239, -23.806620820894182 ], [ -46.031425205218362, -23.806616917393487 ], [ -46.031425100756728, -23.806613014973095 ], [ -46.031424922696822, -23.806609114808655 ], [ -46.031424671092282, -23.806605218075067 ], [ -46.031424346018916, -23.806601325946264 ], [ -46.031423947574666, -23.806597439594753 ], [ -46.031423475879564, -23.806593560191299 ], [ -46.031422931075717, -23.806589688904591 ], [ -46.031422313327255, -23.806585826900871 ], [ -46.031421622820282, -23.806581975343562 ], [ -46.031420859762832, -23.806578135392979 ], [ -46.031420024384772, -23.806574308205903 ], [ -46.031419116937769, -23.806570494935297 ], [ -46.031418137695205, -23.806566696729899 ], [ -46.031417086952089, -23.806562914733949 ], [ -46.031415965024955, -23.80655915008677 ], [ -46.031414772251807, -23.806555403922491 ], [ -46.03141350899196, -23.80655167736964 ], [ -46.031412175625995, -23.806547971550842 ], [ -46.031410772555596, -23.806544287582508 ], [ -46.031409300203443, -23.806540626574428 ], [ -46.031407759013092, -23.806536989629489 ], [ -46.031406149448834, -23.806533377843348 ], [ -46.031404471995572, -23.80652979230404 ], [ -46.031402727158635, -23.806526234091734 ], [ -46.031400915463664, -23.806522704278354 ], [ -46.03139903745646, -23.806519203927245 ], [ -46.031397093702765, -23.806515734092915 ], [ -46.031395084788151, -23.80651229582066 ], [ -46.03139301131781, -23.806508890146258 ], [ -46.031390873916386, -23.80650551809568 ], [ -46.031388673227788, -23.806502180684763 ], [ -46.031386409914973, -23.806498878918916 ], [ -46.031384084659777, -23.806495613792787 ], [ -46.031381698162704, -23.806492386290039 ], [ -46.031379251142674, -23.80648919738293 ], [ -46.031376744336882, -23.806486048032134 ], [ -46.031374178500499, -23.806482939186409 ], [ -46.031371554406505, -23.806479871782305 ], [ -46.03136887284542, -23.80647684674387 ], [ -46.031366134625053, -23.806473864982404 ], [ -46.031363340570323, -23.806470927396173 ], [ -46.031360491522939, -23.806468034870136 ], [ -46.031357588341194, -23.806465188275673 ], [ -46.031354631899674, -23.806462388470329 ], [ -46.031351623089016, -23.806459636297532 ], [ -46.031348562815637, -23.806456932586407 ], [ -46.031345452001446, -23.806454278151431 ], [ -46.031342291583606, -23.806451673792278 ], [ -46.031339082514172, -23.806449120293493 ], [ -46.031335825759911, -23.806446618424335 ], [ -46.031332522301916, -23.806444168938505 ], [ -46.031329173135362, -23.806441772573905 ], [ -46.03132577926921, -23.806439430052443 ], [ -46.031322341725847, -23.806437142079815 ], [ -46.031318861540854, -23.806434909345281 ], [ -46.031315339762656, -23.806432732521458 ], [ -46.031311777452174, -23.806430612264094 ], [ -46.031308175682589, -23.80642854921194 ], [ -46.031304535538922, -23.806426543986507 ], [ -46.031300858117774, -23.80642459719185 ], [ -46.031297144526988, -23.806422709414452 ], [ -46.031293395885292, -23.806420881223012 ], [ -46.031289613321967, -23.806419113168282 ], [ -46.031285797976516, -23.806417405782881 ], [ -46.031281950998327, -23.806415759581164 ], [ -46.031278073546297, -23.806414175059054 ], [ -46.031274166788535, -23.80641265269389 ], [ -46.031270231901942, -23.806411192944299 ], [ -46.031266270071917, -23.806409796250016 ], [ -46.031262282491987, -23.806408463031811 ], [ -46.031258270363381, -23.806407193691314 ], [ -46.031254234894789, -23.806405988610912 ], [ -46.031250177301899, -23.806404848153637 ], [ -46.031246098807053, -23.806403772663067 ], [ -46.031242000638919, -23.806402762463186 ], [ -46.03123788403208, -23.806401817858315 ], [ -46.031233750226662, -23.806400939133027 ], [ -46.031229600467988, -23.806400126552028 ], [ -46.031225436006174, -23.806399380360133 ], [ -46.031221258095769, -23.806398700782097 ], [ -46.031217067995392, -23.806398088022675 ], [ -46.031212866967302, -23.806397542266453 ], [ -46.031208656277066, -23.806397063677846 ], [ -46.031204437193168, -23.806396652401009 ], [ -46.031200210986619, -23.806396308559869 ], [ -46.031195978930548, -23.806396032257979 ], [ -46.031191742299903, -23.806395823578615 ], [ -46.031187502370948, -23.806395682584601 ], [ -46.031183260420974, -23.806395609318429 ], [ -46.031179017727887, -23.80639560380218 ] ] ] } },
{ "type": "Feature", "properties": { "fid": 3 }, "geometry": { "type": "Polygon", "coordinates": [ [ [ -46.026287285379979, -23.803641793341036 ], [ -46.026282918864339, -23.803641857260452 ], [ -46.026278554212126, -23.803641990899767 ], [ -46.0262741927382, -23.803642194218742 ], [ -46.026269835756459, -23.803642467156109 ], [ -46.026265484579454, -23.803642809629661 ], [ -46.026261140517988, -23.803643221536205 ], [ -46.02625680488071, -23.803643702751668 ], [ -46.026252478973738, -23.8036442531311 ], [ -46.026248164100267, -23.803644872508666 ], [ -46.026243861560154, -23.803645560697802 ], [ -46.026239572649537, -23.803646317491182 ], [ -46.026235298660481, -23.803647142660822 ], [ -46.026231040880511, -23.80364803595813 ], [ -46.026226800592305, -23.80364899711401 ], [ -46.026222579073242, -23.803650025838905 ], [ -46.026218377595086, -23.803651121822924 ], [ -46.026214197423513, -23.803652284735872 ], [ -46.026210039817819, -23.803653514227449 ], [ -46.026205906030505, -23.803654809927256 ], [ -46.026201797306861, -23.803656171444963 ], [ -46.02619771488466, -23.803657598370396 ], [ -46.026193659993723, -23.803659090273719 ], [ -46.026189633855616, -23.803660646705488 ], [ -46.026185637683213, -23.803662267196795 ], [ -46.026181672680366, -23.803663951259505 ], [ -46.026177740041547, -23.803665698386261 ], [ -46.026173840951472, -23.803667508050765 ], [ -46.026169976584733, -23.803669379707831 ], [ -46.026166148105496, -23.803671312793618 ], [ -46.026162356667108, -23.803673306725791 ], [ -46.026158603411723, -23.803675360903672 ], [ -46.026154889470035, -23.80367747470844 ], [ -46.026151215960873, -23.803679647503298 ], [ -46.026147583990898, -23.803681878633697 ], [ -46.026143994654241, -23.803684167427495 ], [ -46.026140449032205, -23.803686513195199 ], [ -46.026136948192907, -23.803688915230133 ], [ -46.026133493191004, -23.803691372808679 ], [ -46.026130085067308, -23.803693885190498 ], [ -46.026126724848531, -23.80369645161872 ], [ -46.026123413546955, -23.80369907132021 ], [ -46.026120152160104, -23.803701743505776 ], [ -46.026116941670502, -23.803704467370402 ], [ -46.026113783045297, -23.803707242093541 ], [ -46.026110677236055, -23.803710066839294 ], [ -46.026107625178398, -23.803712940756693 ], [ -46.026104627791767, -23.803715862979967 ], [ -46.02610168597915, -23.803718832628796 ], [ -46.026098800626755, -23.803721848808564 ], [ -46.026095972603834, -23.803724910610637 ], [ -46.026093202762318, -23.803728017112654 ], [ -46.026090491936635, -23.80373116737875 ], [ -46.026087840943447, -23.803734360459917 ], [ -46.026085250581353, -23.803737595394232 ], [ -46.026082721630722, -23.80374087120715 ], [ -46.026080254853412, -23.80374418691185 ], [ -46.02607785099255, -23.803747541509445 ], [ -46.026075510772316, -23.803750933989363 ], [ -46.026073234897694, -23.803754363329606 ], [ -46.026071024054325, -23.803757828497087 ], [ -46.026068878908212, -23.803761328447916 ], [ -46.02606680010561, -23.803764862127718 ], [ -46.026064788272762, -23.803768428471948 ], [ -46.02606284401574, -23.803772026406264 ], [ -46.026060967920273, -23.803775654846763 ], [ -46.026059160551533, -23.803779312700375 ], [ -46.026057422454009, -23.803782998865156 ], [ -46.026055754151308, -23.80378671223065 ], [ -46.026054156146017, -23.803790451678172 ], [ -46.026052628919551, -23.803794216081226 ], [ -46.026051172931993, -23.803798004305772 ], [ -46.026049788621968, -23.803801815210594 ], [ -46.026048476406515, -23.803805647647643 ], [ -46.026047236680945, -23.803809500462386 ], [ -46.026046069818733, -23.803813372494158 ], [ -46.026044976171413, -23.803817262576498 ], [ -46.026043956068456, -23.803821169537496 ], [ -46.026043009817165, -23.803825092200192 ], [ -46.026042137702625, -23.803829029382843 ], [ -46.02604133998755, -23.803832979899383 ], [ -46.026040616912283, -23.803836942559705 ], [ -46.02603996869464, -23.803840916170032 ], [ -46.026039395529921, -23.803844899533313 ], [ -46.026038897590794, -23.803848891449551 ], [ -46.026038475027271, -23.803852890716154 ], [ -46.026038127966657, -23.803856896128348 ], [ -46.026037856513511, -23.803860906479471 ], [ -46.026037660749623, -23.803864920561413 ], [ -46.026037540733967, -23.803868937164903 ], [ -46.026037496502703, -23.803872955079928 ], [ -46.026037528069175, -23.803876973096084 ], [ -46.026037635423876, -23.803880990002938 ], [ -46.026037818534462, -23.803885004590356 ], [ -46.026038077345788, -23.803889015648963 ], [ -46.026038411779879, -23.803893021970385 ], [ -46.026038821736016, -23.80389702234773 ], [ -46.026039307090691, -23.80390101557585 ], [ -46.026039867697691, -23.803905000451785 ], [ -46.026040503388145, -23.803908975775073 ], [ -46.026041213970565, -23.803912940348123 ], [ -46.02604199923087, -23.803916892976613 ], [ -46.02604285893252, -23.803920832469789 ], [ -46.026043792816537, -23.803924757640857 ], [ -46.026044800601575, -23.80392866730736 ], [ -46.026045881984061, -23.803932560291493 ], [ -46.026047036638218, -23.803936435420471 ], [ -46.026048264216215, -23.803940291526906 ], [ -46.026049564348241, -23.803944127449128 ], [ -46.026050936642633, -23.803947942031556 ], [ -46.026052380685989, -23.803951734125032 ], [ -46.026053896043294, -23.803955502587161 ], [ -46.026055482258052, -23.803959246282695 ], [ -46.026057138852401, -23.803962964083816 ], [ -46.0260588653273, -23.803966654870546 ], [ -46.02606066116266, -23.803970317530993 ], [ -46.026062525817458, -23.803973950961787 ], [ -46.026064458729984, -23.803977554068336 ], [ -46.026066459317938, -23.80398112576518 ], [ -46.026068526978641, -23.803984664976348 ], [ -46.026070661089214, -23.803988170635638 ], [ -46.026072861006746, -23.803991641686942 ], [ -46.026075126068513, -23.803995077084593 ], [ -46.026077455592151, -23.803998475793673 ], [ -46.026079848875895, -23.804001836790302 ], [ -46.026082305198763, -23.804005159061973 ], [ -46.026084823820774, -23.804008441607831 ], [ -46.026087403983205, -23.804011683438993 ], [ -46.026090044908756, -23.804014883578844 ], [ -46.026092745801847, -23.804018041063337 ], [ -46.026095505848836, -23.80402115494126 ], [ -46.026098324218239, -23.804024224274549 ], [ -46.026101200061021, -23.804027248138549 ], [ -46.026104132510831, -23.804030225622306 ], [ -46.026107120684237, -23.804033155828851 ], [ -46.026110163681068, -23.804036037875424 ], [ -46.026113260584602, -23.80403887089383 ], [ -46.026116410461874, -23.804041654030584 ], [ -46.026119612363999, -23.804044386447259 ], [ -46.026122865326371, -23.80404706732071 ], [ -46.026126168369032, -23.8040496958433 ], [ -46.026129520496923, -23.804052271223188 ], [ -46.026132920700213, -23.804054792684529 ], [ -46.026136367954571, -23.804057259467708 ], [ -46.026139861221502, -23.804059670829606 ], [ -46.026143399448635, -23.804062026043784 ], [ -46.026146981570086, -23.804064324400738 ], [ -46.026150606506711, -23.804066565208064 ], [ -46.02615427316649, -23.804068747790698 ], [ -46.026157980444822, -23.804070871491152 ], [ -46.026161727224874, -23.804072935669634 ], [ -46.026165512377915, -23.804074939704307 ], [ -46.026169334763658, -23.804076882991456 ], [ -46.026173193230576, -23.804078764945636 ], [ -46.026177086616308, -23.80408058499992 ], [ -46.026181013747951, -23.804082342606002 ], [ -46.026184973442426, -23.804084037234382 ], [ -46.026188964506879, -23.804085668374555 ], [ -46.026192985738959, -23.804087235535146 ], [ -46.026197035927275, -23.804088738244019 ], [ -46.026201113851677, -23.804090176048486 ], [ -46.026205218283678, -23.804091548515405 ], [ -46.026209347986786, -23.804092855231303 ], [ -46.026213501716924, -23.80409409580254 ], [ -46.026217678222757, -23.804095269855395 ], [ -46.02622187624609, -23.804096377036142 ], [ -46.026226094522258, -23.804097417011285 ], [ -46.026230331780468, -23.804098389467484 ], [ -46.026234586744245, -23.804099294111808 ], [ -46.026238858131748, -23.804100130671724 ], [ -46.026243144656206, -23.804100898895207 ], [ -46.026247445026286, -23.80410159855084 ], [ -46.026251757946476, -23.804102229427844 ], [ -46.026256082117492, -23.804102791336142 ], [ -46.026260416236653, -23.804103284106503 ], [ -46.026264758998288, -23.804103707590432 ], [ -46.026269109094116, -23.804104061660372 ], [ -46.026273465213663, -23.804104346209659 ], [ -46.026277826044598, -23.804104561152574 ], [ -46.026282190273236, -23.804104706424358 ], [ -46.0262865565848, -23.804104781981252 ], [ -46.026290923663943, -23.80410478780049 ], [ -46.026295290195044, -23.804104723880329 ], [ -46.026299654862669, -23.804104590240009 ], [ -46.026304016351943, -23.8041043869198 ], [ -46.02630837334894, -23.804104113980959 ], [ -46.026312724541107, -23.804103771505698 ], [ -46.026317068617615, -23.804103359597196 ], [ -46.026321404269794, -23.804102878379545 ], [ -46.026325730191509, -23.804102327997697 ], [ -46.026330045079561, -23.804101708617495 ], [ -46.026334347634055, -23.804101020425492 ], [ -46.026338636558833, -23.804100263629035 ], [ -46.026342910561837, -23.804099438456092 ], [ -46.026347168355514, -23.804098545155266 ], [ -46.026351408657163, -23.804097583995659 ], [ -46.026355630189386, -23.804096555266838 ], [ -46.026359831680431, -23.804095459278692 ], [ -46.026364011864565, -23.804094296361409 ], [ -46.026368169482502, -23.80409306686532 ], [ -46.026372303281732, -23.804091771160813 ], [ -46.026376412016937, -23.804090409638238 ], [ -46.026380494450336, -23.804088982707743 ], [ -46.02638454935208, -23.804087490799215 ], [ -46.026388575500611, -23.804085934362075 ], [ -46.02639257168304, -23.804084313865221 ], [ -46.026396536695486, -23.804082629796849 ], [ -46.026400469343486, -23.804080882664273 ], [ -46.0264043684423, -23.804079072993819 ], [ -46.026408232817325, -23.804077201330681 ], [ -46.026412061304384, -23.804075268238698 ], [ -46.026415852750141, -23.804073274300212 ], [ -46.026419606012404, -23.804071220115926 ], [ -46.026423319960493, -23.804069106304656 ], [ -46.026426993475553, -23.804066933503204 ], [ -46.026430625450928, -23.804064702366137 ], [ -46.026434214792481, -23.804062413565592 ], [ -46.026437760418901, -23.80406006779107 ], [ -46.026441261262057, -23.804057665749276 ], [ -46.026444716267306, -23.80405520816381 ], [ -46.026448124393816, -23.804052695775045 ], [ -46.026451484614867, -23.804050129339839 ], [ -46.026454795918198, -23.804047509631346 ], [ -46.026458057306257, -23.804044837438763 ], [ -46.026461267796542, -23.804042113567107 ], [ -46.026464426421882, -23.804039338836944 ], [ -46.026467532230733, -23.804036514084189 ], [ -46.026470584287445, -23.804033640159798 ], [ -46.026473581672604, -23.80403071792956 ], [ -46.026476523483218, -23.804027748273803 ], [ -46.026479408833062, -23.804024732087157 ], [ -46.026482236852921, -23.804021670278249 ], [ -46.026485006690841, -23.804018563769478 ], [ -46.02648771751241, -23.804015413496671 ], [ -46.026490368500973, -23.804012220408893 ], [ -46.026492958857922, -23.804008985468052 ], [ -46.026495487802904, -23.804005709648685 ], [ -46.026497954574069, -23.804002393937655 ], [ -46.026500358428301, -23.803999039333824 ], [ -46.02650269864143, -23.803995646847802 ], [ -46.026504974508455, -23.803992217501563 ], [ -46.026507185343782, -23.803988752328227 ], [ -46.026509330481382, -23.803985252371685 ], [ -46.026511409275031, -23.803981718686309 ], [ -46.0265134210985, -23.803978152336647 ], [ -46.026515365345709, -23.803974554397069 ], [ -46.026517241430966, -23.803970925951468 ], [ -46.026519048789083, -23.803967268092933 ], [ -46.026520786875615, -23.803963581923409 ], [ -46.026522455166933, -23.803959868553346 ], [ -46.0265240531605, -23.803956129101433 ], [ -46.026525580374887, -23.803952364694194 ], [ -46.026527036350039, -23.803948576465658 ], [ -46.026528420647345, -23.803944765557052 ], [ -46.026529732849781, -23.803940933116422 ], [ -46.026530972562043, -23.803937080298315 ], [ -46.026532139410683, -23.803933208263388 ], [ -46.026533233044184, -23.803929318178117 ], [ -46.026534253133093, -23.803925411214408 ], [ -46.026535199370102, -23.803921488549239 ], [ -46.026536071470176, -23.803917551364336 ], [ -46.026536869170585, -23.803913600845775 ], [ -46.02653759223103, -23.803909638183661 ], [ -46.026538240433695, -23.803905664571797 ], [ -46.026538813583308, -23.803901681207204 ], [ -46.026539311507221, -23.803897689289901 ], [ -46.026539734055447, -23.803893690022466 ], [ -46.026540081100677, -23.80388968460969 ], [ -46.02654035253839, -23.803885674258222 ], [ -46.026540548286803, -23.803881660176184 ], [ -46.02654066828697, -23.803877643572843 ], [ -46.026540712502737, -23.803873625658202 ], [ -46.026540680920796, -23.803869607642675 ], [ -46.026540573550655, -23.803865590736713 ], [ -46.026540390424692, -23.803861576150407 ], [ -46.026540131598061, -23.803857565093157 ], [ -46.026539797148743, -23.80385355877333 ], [ -46.026539387177515, -23.803849558397815 ], [ -46.026538901807868, -23.803845565171759 ], [ -46.026538341186033, -23.803841580298126 ], [ -46.026537705480919, -23.803837604977364 ], [ -46.026536994884026, -23.803833640407067 ], [ -46.026536209609432, -23.803829687781548 ], [ -46.026535349893727, -23.803825748291572 ], [ -46.02653441599589, -23.803821823123911 ], [ -46.026533408197267, -23.803817913461025 ], [ -46.02653232680148, -23.803814020480729 ], [ -46.026531172134298, -23.803810145355776 ], [ -46.026529944543576, -23.803806289253572 ], [ -46.026528644399143, -23.80380245333577 ], [ -46.026527272092672, -23.803798638757947 ], [ -46.02652582803757, -23.803794846669266 ], [ -46.02652431266889, -23.803791078212093 ], [ -46.026522726443126, -23.80378733452169 ], [ -46.026521069838154, -23.803783616725863 ], [ -46.02651934335303, -23.803779925944589 ], [ -46.026517547507865, -23.803776263289745 ], [ -46.026515682843673, -23.803772629864703 ], [ -46.026513749922181, -23.803769026764034 ], [ -46.026511749325714, -23.803765455073201 ], [ -46.026509681656947, -23.803761915868169 ], [ -46.026507547538785, -23.803758410215138 ], [ -46.026505347614126, -23.80375493917019 ], [ -46.026503082545723, -23.803751503778997 ], [ -46.026500753015931, -23.803748105076462 ], [ -46.026498359726538, -23.803744744086469 ], [ -46.026495903398519, -23.803741421821513 ], [ -46.026493384771861, -23.803738139282437 ], [ -46.026490804605316, -23.80373489745811 ], [ -46.026488163676163, -23.803731697325144 ], [ -46.026485462779995, -23.80372853984759 ], [ -46.026482702730462, -23.803725425976637 ], [ -46.026479884359041, -23.803722356650344 ], [ -46.026477008514775, -23.803719332793353 ], [ -46.026474076064027, -23.80371635531662 ], [ -46.026471087890208, -23.80371342511711 ], [ -46.026468044893512, -23.803710543077539 ], [ -46.026464947990647, -23.803707710066146 ], [ -46.026461798114575, -23.803704926936366 ], [ -46.026458596214191, -23.803702194526636 ], [ -46.026455343254092, -23.803699513660092 ], [ -46.026452040214238, -23.803696885144344 ], [ -46.026448688089673, -23.803694309771252 ], [ -46.02644528789024, -23.803691788316655 ], [ -46.026441840640253, -23.803689321540134 ], [ -46.026438347378217, -23.803686910184808 ], [ -46.026434809156463, -23.803684554977117 ], [ -46.026431227040916, -23.803682256626551 ], [ -46.02642760211068, -23.80368001582552 ], [ -46.026423935457771, -23.803677833249051 ], [ -46.026420228186794, -23.803675709554646 ], [ -46.026416481414564, -23.803673645382084 ], [ -46.026412696269801, -23.803671641353198 ], [ -46.026408873892791, -23.803669698071705 ], [ -46.026405015435039, -23.803667816123021 ], [ -46.0264011220589, -23.803665996074081 ], [ -46.026397194937282, -23.803664238473182 ], [ -46.026393235253217, -23.803662543849814 ], [ -46.026389244199578, -23.803660912714477 ], [ -46.026385222978682, -23.803659345558561 ], [ -46.026381172801926, -23.803657842854154 ], [ -46.026377094889426, -23.803656405053967 ], [ -46.026372990469675, -23.803655032591141 ], [ -46.026368860779122, -23.803653725879123 ], [ -46.026364707061859, -23.80365248531157 ], [ -46.026360530569193, -23.8036513112622 ], [ -46.026356332559295, -23.803650204084708 ], [ -46.026352114296834, -23.803649164112613 ], [ -46.026347877052558, -23.803648191659228 ], [ -46.026343622102949, -23.803647287017501 ], [ -46.026339350729828, -23.803646450459958 ], [ -46.026335064219943, -23.803645682238603 ], [ -46.0263307638646, -23.803644982584874 ], [ -46.02632645095931, -23.80364435170954 ], [ -46.026322126803329, -23.80364378980266 ], [ -46.026317792699331, -23.803643297033503 ], [ -46.026313449952958, -23.803642873550523 ], [ -46.026309099872471, -23.803642519481286 ], [ -46.026304743768335, -23.803642234932457 ], [ -46.026300382952854, -23.803642019989763 ], [ -46.026296018739707, -23.80364187471795 ], [ -46.026291652443632, -23.803641799160793 ], [ -46.026287285379979, -23.803641793341036 ] ] ] } },
{ "type": "Feature", "properties": { "fid": 4 }, "geometry": { "type": "Polygon", "coordinates": [ [ [ -46.021379948802704, -23.801556532394315 ], [ -46.021376180604108, -23.801556587601375 ], [ -46.021372414026565, -23.801556703310215 ], [ -46.021368650217418, -23.801556879485595 ], [ -46.021364890323142, -23.801557116073841 ], [ -46.021361135489038, -23.801557413002897 ], [ -46.021357386858853, -23.801557770182313 ], [ -46.021353645574457, -23.801558187503293 ], [ -46.021349912775484, -23.801558664838709 ], [ -46.021346189598965, -23.801559202043173 ], [ -46.021342477179012, -23.801559798953029 ], [ -46.021338776646459, -23.801560455386468 ], [ -46.02133508912852, -23.801561171143529 ], [ -46.021331415748456, -23.801561946006206 ], [ -46.021327757625194, -23.801562779738429 ], [ -46.021324115873028, -23.801563672086274 ], [ -46.021320491601273, -23.801564622777917 ], [ -46.021316885913919, -23.801565631523754 ], [ -46.021313299909281, -23.801566698016526 ], [ -46.021309734679683, -23.801567821931364 ], [ -46.021306191311133, -23.80156900292592 ], [ -46.02130267088296, -23.801570240640451 ], [ -46.021299174467536, -23.801571534697931 ], [ -46.021295703129887, -23.801572884704193 ], [ -46.021292257927406, -23.801574290248002 ], [ -46.021288839909545, -23.801575750901229 ], [ -46.021285450117453, -23.801577266218938 ], [ -46.021282089583693, -23.801578835739551 ], [ -46.021278759331921, -23.801580458984994 ], [ -46.02127546037655, -23.801582135460777 ], [ -46.021272193722474, -23.801583864656266 ], [ -46.021268960364743, -23.801585646044728 ], [ -46.021265761288277, -23.801587479083526 ], [ -46.021262597467533, -23.801589363214305 ], [ -46.021259469866244, -23.801591297863137 ], [ -46.021256379437112, -23.801593282440724 ], [ -46.021253327121492, -23.801595316342549 ], [ -46.021250313849166, -23.801597398949045 ], [ -46.021247340537997, -23.801599529625854 ], [ -46.021244408093679, -23.80160170772394 ], [ -46.021241517409464, -23.801603932579845 ], [ -46.021238669365893, -23.80160620351586 ], [ -46.021235864830494, -23.801608519840226 ], [ -46.021233104657554, -23.801610880847385 ], [ -46.021230389687858, -23.801613285818149 ], [ -46.021227720748414, -23.801615734019936 ], [ -46.021225098652195, -23.80161822470701 ], [ -46.021222524197917, -23.801620757120677 ], [ -46.021219998169805, -23.801623330489548 ], [ -46.021217521337292, -23.801625944029769 ], [ -46.021215094454845, -23.801628596945196 ], [ -46.021212718261729, -23.80163128842776 ], [ -46.021210393481752, -23.801634017657594 ], [ -46.021208120823061, -23.801636783803357 ], [ -46.021205900977947, -23.801639586022457 ], [ -46.021203734622574, -23.80164242346131 ], [ -46.021201622416861, -23.801645295255597 ], [ -46.021199565004189, -23.801648200530565 ], [ -46.021197563011278, -23.801651138401237 ], [ -46.021195617047958, -23.801654107972698 ], [ -46.021193727706986, -23.801657108340397 ], [ -46.021191895563881, -23.801660138590389 ], [ -46.02119012117673, -23.801663197799648 ], [ -46.021188405086022, -23.801666285036291 ], [ -46.021186747814532, -23.801669399359934 ], [ -46.021185149867044, -23.801672539821919 ], [ -46.021183611730336, -23.80167570546563 ], [ -46.021182133872941, -23.801678895326791 ], [ -46.021180716745022, -23.801682108433738 ], [ -46.02117936077827, -23.801685343807723 ], [ -46.021178066385708, -23.801688600463233 ], [ -46.02117683396164, -23.801691877408242 ], [ -46.021175663881472, -23.801695173644575 ], [ -46.021174556501641, -23.801698488168171 ], [ -46.02117351215945, -23.801701819969388 ], [ -46.021172531173022, -23.801705168033322 ], [ -46.021171613841197, -23.801708531340129 ], [ -46.02117076044339, -23.801711908865329 ], [ -46.021169971239566, -23.801715299580067 ], [ -46.02116924647013, -23.801718702451513 ], [ -46.021168586355856, -23.801722116443131 ], [ -46.021167991097826, -23.801725540514976 ], [ -46.021167460877372, -23.801728973624034 ], [ -46.021166995856007, -23.801732414724565 ], [ -46.021166596175384, -23.801735862768371 ], [ -46.021166261957248, -23.801739316705138 ], [ -46.02116599330342, -23.801742775482769 ], [ -46.02116579029574, -23.801746238047681 ], [ -46.021165652996054, -23.801749703345148 ], [ -46.021165581446176, -23.801753170319611 ], [ -46.021165575667915, -23.801756637915002 ], [ -46.021165635663039, -23.801760105075044 ], [ -46.021165761413279, -23.801763570743599 ], [ -46.021165952880331, -23.801767033865008 ], [ -46.021166210005873, -23.80177049338436 ], [ -46.02116653271159, -23.801773948247853 ], [ -46.021166920899198, -23.801777397403118 ], [ -46.021167374450442, -23.801780839799484 ], [ -46.021167893227179, -23.801784274388375 ], [ -46.021168477071399, -23.801787700123572 ], [ -46.021169125805244, -23.801791115961581 ], [ -46.021169839231113, -23.801794520861876 ], [ -46.021170617131695, -23.801797913787322 ], [ -46.02117145927005, -23.801801293704369 ], [ -46.021172365389639, -23.801804659583489 ], [ -46.021173335214471, -23.80180801039937 ], [ -46.021174368449124, -23.801811345131352 ], [ -46.021175464778871, -23.801814662763626 ], [ -46.021176623869763, -23.801817962285611 ], [ -46.021177845368733, -23.801821242692228 ], [ -46.021179128903711, -23.80182450298425 ], [ -46.021180474083721, -23.801827742168538 ], [ -46.021181880499, -23.801830959258417 ], [ -46.021183347721163, -23.801834153273941 ], [ -46.02118487530327, -23.801837323242157 ], [ -46.021186462780015, -23.801840468197465 ], [ -46.021188109667833, -23.801843587181878 ], [ -46.021189815465071, -23.801846679245337 ], [ -46.02119157965214, -23.801849743445949 ], [ -46.02119340169164, -23.801852778850339 ], [ -46.021195281028582, -23.801855784533878 ], [ -46.021197217090474, -23.801858759581027 ], [ -46.021199209287602, -23.801861703085525 ], [ -46.021201257013118, -23.801864614150769 ], [ -46.021203359643259, -23.801867491890025 ], [ -46.021205516537556, -23.801870335426688 ], [ -46.021207727038998, -23.801873143894589 ], [ -46.02120999047424, -23.801875916438245 ], [ -46.021212306153814, -23.801878652213098 ], [ -46.021214673372363, -23.801881350385823 ], [ -46.021217091408793, -23.801884010134511 ], [ -46.021219559526557, -23.801886630648976 ], [ -46.021222076973835, -23.801889211130991 ], [ -46.021224642983789, -23.801891750794503 ], [ -46.0212272567748, -23.801894248865917 ], [ -46.021229917550663, -23.80189670458428 ], [ -46.02123262450089, -23.801899117201557 ], [ -46.021235376800931, -23.801901485982857 ], [ -46.021238173612382, -23.801903810206593 ], [ -46.021241014083316, -23.801906089164795 ], [ -46.021243897348512, -23.801908322163282 ], [ -46.021246822529676, -23.801910508521836 ], [ -46.02124978873578, -23.801912647574486 ], [ -46.021252795063283, -23.801914738669645 ], [ -46.021255840596432, -23.801916781170341 ], [ -46.021258924407526, -23.801918774454421 ], [ -46.021262045557201, -23.80192071791469 ], [ -46.021265203094728, -23.801922610959156 ], [ -46.021268396058282, -23.801924453011186 ], [ -46.021271623475251, -23.801926243509651 ], [ -46.021274884362533, -23.801927981909181 ], [ -46.021278177726835, -23.801929667680199 ], [ -46.021281502564946, -23.801931300309224 ], [ -46.02128485786411, -23.801932879298935 ], [ -46.021288242602239, -23.801934404168357 ], [ -46.021291655748328, -23.801935874453001 ], [ -46.021295096262683, -23.801937289704995 ], [ -46.02129856309729, -23.801938649493231 ], [ -46.021302055196116, -23.801939953403533 ], [ -46.021305571495432, -23.80194120103868 ], [ -46.021309110924129, -23.801942392018642 ], [ -46.021312672404065, -23.801943525980644 ], [ -46.021316254850369, -23.801944602579251 ], [ -46.021319857171783, -23.801945621486542 ], [ -46.021323478271015, -23.80194658239213 ], [ -46.021327117045026, -23.801947485003314 ], [ -46.021330772385419, -23.80194832904515 ], [ -46.021334443178723, -23.801949114260534 ], [ -46.021338128306795, -23.801949840410288 ], [ -46.021341826647074, -23.801950507273212 ], [ -46.021345537073024, -23.801951114646169 ], [ -46.021349258454407, -23.801951662344145 ], [ -46.02135298965765, -23.801952150200329 ], [ -46.021356729546177, -23.801952578066086 ], [ -46.021360476980789, -23.801952945811095 ], [ -46.021364230819977, -23.80195325332333 ], [ -46.021367989920265, -23.801953500509136 ], [ -46.021371753136606, -23.80195368729321 ], [ -46.021375519322667, -23.801953813618642 ], [ -46.021379287331236, -23.801953879446966 ], [ -46.021383056014535, -23.801953884758131 ], [ -46.021386824224585, -23.801953829550516 ], [ -46.021390590813532, -23.801953713840934 ], [ -46.021394354634054, -23.801953537664648 ], [ -46.021398114539629, -23.801953301075294 ], [ -46.02140186938496, -23.801953004144966 ], [ -46.021405618026279, -23.801952646964104 ], [ -46.021409359321702, -23.801952229641504 ], [ -46.021413092131596, -23.801951752304305 ], [ -46.021416815318901, -23.80195121509788 ], [ -46.021420527749491, -23.801950618185895 ], [ -46.021424228292531, -23.801949961750157 ], [ -46.021427915820787, -23.801949245990645 ], [ -46.021431589210998, -23.80194847112536 ], [ -46.021435247344201, -23.801947637390363 ], [ -46.021438889106093, -23.801946745039597 ], [ -46.021442513387363, -23.801945794344892 ], [ -46.021446119084011, -23.801944785595829 ], [ -46.021449705097709, -23.801943719099707 ], [ -46.021453270336096, -23.80194259518138 ], [ -46.021456813713179, -23.801941414183204 ], [ -46.021460334149609, -23.801940176464925 ], [ -46.021463830573012, -23.801938882403569 ], [ -46.021467301918349, -23.801937532393307 ], [ -46.021470747128205, -23.801936126845391 ], [ -46.021474165153144, -23.801934666187943 ], [ -46.021477554951986, -23.801933150865917 ], [ -46.02148091549217, -23.801931581340881 ], [ -46.021484245750031, -23.801929958090938 ], [ -46.02148754471115, -23.80192828161055 ], [ -46.021490811370619, -23.801926552410382 ], [ -46.021494044733387, -23.801924771017156 ], [ -46.02149724381453, -23.801922937973536 ], [ -46.021500407639579, -23.801921053837862 ], [ -46.021503535244797, -23.80191911918407 ], [ -46.021506625677489, -23.801917134601489 ], [ -46.021509677996278, -23.801915100694611 ], [ -46.021512691271397, -23.80191301808302 ], [ -46.02151566458496, -23.801910887401096 ], [ -46.021518597031282, -23.801908709297852 ], [ -46.021521487717095, -23.801906484436767 ], [ -46.021524335761882, -23.801904213495561 ], [ -46.02152714029809, -23.801901897165994 ], [ -46.021529900471435, -23.801899536153634 ], [ -46.021532615441139, -23.801897131177675 ], [ -46.021535284380192, -23.801894682970694 ], [ -46.021537906475622, -23.801892192278451 ], [ -46.021540480928707, -23.801889659859633 ], [ -46.021543006955241, -23.801887086485639 ], [ -46.021545483785765, -23.80188447294034 ], [ -46.021547910665838, -23.801881820019862 ], [ -46.021550286856183, -23.801879128532303 ], [ -46.021552611633005, -23.801876399297523 ], [ -46.021554884288157, -23.801873633146883 ], [ -46.021557104129364, -23.801870830922969 ], [ -46.021559270480438, -23.801867993479362 ], [ -46.021561382681504, -23.8018651216804 ], [ -46.021563440089153, -23.801862216400849 ], [ -46.021565442076678, -23.801859278525683 ], [ -46.021567388034271, -23.801856308949816 ], [ -46.021569277369174, -23.801853308577812 ], [ -46.021571109505871, -23.801850278323613 ], [ -46.021572883886286, -23.801847219110265 ], [ -46.021574599969924, -23.801844131869647 ], [ -46.021576257234052, -23.801841017542142 ], [ -46.021577855173859, -23.801837877076427 ], [ -46.021579393302602, -23.801834711429109 ], [ -46.021580871151755, -23.80183152156448 ], [ -46.021582288271155, -23.801828308454194 ], [ -46.021583644229132, -23.801825073077019 ], [ -46.021584938612648, -23.801821816418471 ], [ -46.021586171027437, -23.801818539470556 ], [ -46.02158734109809, -23.801815243231481 ], [ -46.021588448468208, -23.801811928705298 ], [ -46.021589492800466, -23.801808596901655 ], [ -46.021590473776762, -23.801805248835443 ], [ -46.021591391098283, -23.801801885526533 ], [ -46.02159224448561, -23.801798507999397 ], [ -46.021593033678798, -23.8017951172829 ], [ -46.021593758437454, -23.801791714409845 ], [ -46.021594418540815, -23.801788300416817 ], [ -46.021595013787824, -23.801784876343724 ], [ -46.021595543997144, -23.801781443233594 ], [ -46.02159600900729, -23.801778002132167 ], [ -46.021596408676615, -23.801774554087661 ], [ -46.021596742883382, -23.801771100150358 ], [ -46.021597011525799, -23.801767641372383 ], [ -46.021597214522032, -23.8017641788073 ], [ -46.021597351810257, -23.801760713509847 ], [ -46.021597423348659, -23.801757246535576 ], [ -46.021597429115445, -23.801753778940565 ], [ -46.021597369108875, -23.801750311781085 ], [ -46.021597243347223, -23.801746846113254 ], [ -46.021597051868817, -23.801743382992772 ], [ -46.02159679473197, -23.801739923474514 ], [ -46.02159647201502, -23.801736468612283 ], [ -46.021596083816277, -23.801733019458482 ], [ -46.021595630253998, -23.801729577063735 ], [ -46.021595111466347, -23.801726142476628 ], [ -46.021594527611342, -23.801722716743395 ], [ -46.021593878866859, -23.801719300907514 ], [ -46.021593165430502, -23.801715896009508 ], [ -46.021592387519597, -23.801712503086527 ], [ -46.021591545371116, -23.801709123172085 ], [ -46.02159063924158, -23.801705757295736 ], [ -46.021589669407007, -23.801702406482768 ], [ -46.021588636162846, -23.801699071753859 ], [ -46.021587539823805, -23.8016957541248 ], [ -46.021586380723861, -23.801692454606169 ], [ -46.021585159216094, -23.801689174203045 ], [ -46.021583875672583, -23.801685913914643 ], [ -46.021582530484316, -23.801682674734099 ], [ -46.021581124061058, -23.801679457648099 ], [ -46.021579656831207, -23.801676263636569 ], [ -46.021578129241725, -23.80167309367247 ], [ -46.021576541757909, -23.801669948721376 ], [ -46.021574894863335, -23.801666829741279 ], [ -46.021573189059666, -23.80166373768224 ], [ -46.021571424866515, -23.80166067348614 ], [ -46.021569602821266, -23.80165763808635 ], [ -46.021567723478938, -23.801654632407494 ], [ -46.021565787412001, -23.80165165736511 ], [ -46.021563795210199, -23.801648713865436 ], [ -46.021561747480376, -23.801645802805073 ], [ -46.021559644846299, -23.801642925070773 ], [ -46.021557487948449, -23.801640081539123 ], [ -46.021555277443838, -23.801637273076278 ], [ -46.021553014005811, -23.801634500537705 ], [ -46.021550698323836, -23.801631764767976 ], [ -46.02154833110329, -23.801629066600405 ], [ -46.021545913065253, -23.80162640685689 ], [ -46.021543444946289, -23.801623786347619 ], [ -46.021540927498201, -23.801621205870791 ], [ -46.021538361487828, -23.801618666212484 ], [ -46.021535747696809, -23.801616168146275 ], [ -46.021533086921337, -23.801613712433102 ], [ -46.0215303799719, -23.801611299820994 ], [ -46.021527627673059, -23.80160893104485 ], [ -46.021524830863193, -23.801606606826237 ], [ -46.021521990394234, -23.801604327873118 ], [ -46.021519107131425, -23.801602094879669 ], [ -46.021516181953025, -23.801599908526114 ], [ -46.021513215750076, -23.801597769478409 ], [ -46.021510209426104, -23.801595678388143 ], [ -46.021507163896871, -23.801593635892257 ], [ -46.021504080090068, -23.801591642612923 ], [ -46.021500958945047, -23.801589699157322 ], [ -46.021497801412544, -23.801587806117446 ], [ -46.021494608454375, -23.801585964069918 ], [ -46.021491381043134, -23.801584173575847 ], [ -46.021488120161919, -23.801582435180634 ], [ -46.021484826804034, -23.801580749413805 ], [ -46.021481501972652, -23.801579116788886 ], [ -46.02147814668055, -23.801577537803141 ], [ -46.02147476194979, -23.801576012937581 ], [ -46.021471348811367, -23.801574542656674 ], [ -46.021467908304977, -23.801573127408279 ], [ -46.021464441478614, -23.801571767623514 ], [ -46.021460949388313, -23.801570463716548 ], [ -46.02145743309778, -23.801569216084591 ], [ -46.021453893678121, -23.801568025107674 ], [ -46.021450332207472, -23.801566891148571 ], [ -46.021446749770668, -23.801565814552703 ], [ -46.021443147458982, -23.801564795648005 ], [ -46.021439526369676, -23.801563834744858 ], [ -46.02143588760579, -23.80156293213593 ], [ -46.021432232275714, -23.801562088096194 ], [ -46.021428561492883, -23.801561302882753 ], [ -46.021424876375455, -23.801560576734765 ], [ -46.021421178045955, -23.80155990987344 ], [ -46.021417467630911, -23.801559302501904 ], [ -46.021413746260556, -23.801558754805168 ], [ -46.021410015068447, -23.801558266950053 ], [ -46.021406275191133, -23.801557839085195 ], [ -46.021402527767826, -23.801557471340889 ], [ -46.02139877394, -23.801557163829187 ], [ -46.021395014851123, -23.80155691664373 ], [ -46.021391251646236, -23.801556729859829 ], [ -46.021387485471635, -23.801556603534383 ], [ -46.021383717474535, -23.801556537705856 ], [ -46.021379948802704, -23.801556532394315 ] ] ] } },
{ "type": "Feature", "properties": { "fid": 5 }, "geometry": { "type": "Polygon", "coordinates": [ [ [ -46.016235061941074, -23.800067216319654 ], [ -46.016230306141786, -23.800067285836121 ], [ -46.016225552385379, -23.800067431712062 ], [ -46.016220802119861, -23.800067653903035 ], [ -46.016216056792224, -23.800067952341362 ], [ -46.016211317847919, -23.800068326936138 ], [ -46.016206586730469, -23.800068777573252 ], [ -46.016201864881012, -23.800069304115446 ], [ -46.016197153737856, -23.800069906402339 ], [ -46.016192454736057, -23.800070584250456 ], [ -46.016187769306974, -23.800071337453314 ], [ -46.016183098877818, -23.800072165781494 ], [ -46.016178444871237, -23.800073068982677 ], [ -46.016173808704892, -23.800074046781738 ], [ -46.016169191790979, -23.800075098880836 ], [ -46.016164595535862, -23.800076224959486 ], [ -46.016160021339587, -23.800077424674697 ], [ -46.016155470595507, -23.800078697661 ], [ -46.016150944689798, -23.800080043530635 ], [ -46.016146445001105, -23.800081461873667 ], [ -46.016141972900051, -23.800082952258037 ], [ -46.016137529748896, -23.800084514229756 ], [ -46.016133116901038, -23.800086147313049 ], [ -46.01612873570069, -23.800087851010463 ], [ -46.016124387482385, -23.800089624803036 ], [ -46.016120073570647, -23.800091468150448 ], [ -46.016115795279511, -23.800093380491212 ], [ -46.016111553912189, -23.800095361242811 ], [ -46.016107350760635, -23.800097409801896 ], [ -46.016103187105166, -23.800099525544443 ], [ -46.016099064214067, -23.800101707825998 ], [ -46.016094983343216, -23.800103955981818 ], [ -46.016090945735669, -23.800106269327085 ], [ -46.016086952621322, -23.800108647157149 ], [ -46.016083005216515, -23.800111088747691 ], [ -46.016079104723659, -23.800113593354997 ], [ -46.016075252330886, -23.80011616021612 ], [ -46.016071449211665, -23.800118788549199 ], [ -46.016067696524452, -23.800121477553617 ], [ -46.016063995412374, -23.800124226410258 ], [ -46.016060347002799, -23.800127034281822 ], [ -46.016056752407081, -23.800129900312992 ], [ -46.016053212720166, -23.800132823630765 ], [ -46.016049729020267, -23.800135803344666 ], [ -46.016046302368565, -23.800138838547038 ], [ -46.016042933808848, -23.800141928313366 ], [ -46.016039624367217, -23.800145071702449 ], [ -46.01603637505174, -23.800148267756796 ], [ -46.016033186852212, -23.800151515502861 ], [ -46.016030060739787, -23.800154813951348 ], [ -46.016026997666707, -23.800158162097535 ], [ -46.016023998566006, -23.800161558921534 ], [ -46.016021064351257, -23.800165003388653 ], [ -46.016018195916246, -23.800168494449654 ], [ -46.016015394134726, -23.800172031041171 ], [ -46.016012659860159, -23.800175612085891 ], [ -46.016009993925422, -23.800179236493012 ], [ -46.016007397142594, -23.800182903158511 ], [ -46.016004870302687, -23.800186610965476 ], [ -46.016002414175396, -23.800190358784494 ], [ -46.016000029508895, -23.800194145473931 ], [ -46.015997717029585, -23.80019796988033 ], [ -46.015995477441855, -23.800201830838759 ], [ -46.015993311427927, -23.800205727173111 ], [ -46.015991219647589, -23.800209657696545 ], [ -46.01598920273802, -23.800213621211789 ], [ -46.015987261313597, -23.8002176165115 ], [ -46.015985395965707, -23.800221642378702 ], [ -46.015983607262562, -23.800225697587059 ], [ -46.015981895749015, -23.800229780901326 ], [ -46.015980261946417, -23.800233891077688 ], [ -46.015978706352449, -23.80023802686415 ], [ -46.015977229440971, -23.800242187000894 ], [ -46.015975831661869, -23.800246370220737 ], [ -46.015974513440931, -23.800250575249407 ], [ -46.015973275179689, -23.800254800806027 ], [ -46.015972117255352, -23.800259045603447 ], [ -46.015971040020652, -23.800263308348654 ], [ -46.015970043803712, -23.800267587743182 ], [ -46.015969128908004, -23.800271882483493 ], [ -46.015968295612225, -23.800276191261375 ], [ -46.015967544170216, -23.800280512764303 ], [ -46.015966874810879, -23.800284845675947 ], [ -46.015966287738109, -23.80028918867643 ], [ -46.015965783130753, -23.800293540442848 ], [ -46.01596536114252, -23.800297899649607 ], [ -46.015965021901955, -23.800302264968849 ], [ -46.015964765512408, -23.800306635070864 ], [ -46.015964592052001, -23.800311008624455 ], [ -46.015964501573549, -23.80031538429742 ], [ -46.015964494104651, -23.800319760756871 ], [ -46.015964569647572, -23.800324136669708 ], [ -46.015964728179313, -23.800328510702979 ], [ -46.015964969651598, -23.800332881524294 ], [ -46.015965293990874, -23.800337247802297 ], [ -46.015965701098352, -23.800341608206939 ], [ -46.015966190850037, -23.800345961410013 ], [ -46.015966763096749, -23.800350306085502 ], [ -46.015967417664186, -23.800354640909944 ], [ -46.015968154352976, -23.800358964562932 ], [ -46.015968972938701, -23.800363275727431 ], [ -46.015969873172047, -23.800367573090224 ], [ -46.015970854778786, -23.800371855342288 ], [ -46.015971917459929, -23.800376121179188 ], [ -46.01597306089176, -23.800380369301529 ], [ -46.015974284726013, -23.800384598415278 ], [ -46.015975588589882, -23.800388807232221 ], [ -46.015976972086214, -23.80039299447029 ], [ -46.015978434793595, -23.800397158854008 ], [ -46.015979976266458, -23.800401299114874 ], [ -46.015981596035282, -23.800405413991722 ], [ -46.015983293606666, -23.800409502231112 ], [ -46.015985068463515, -23.800413562587718 ], [ -46.01598692006521, -23.800417593824722 ], [ -46.01598884784773, -23.80042159471417 ], [ -46.015990851223854, -23.800425564037333 ], [ -46.015992929583362, -23.800429500585135 ], [ -46.015995082293145, -23.800433403158461 ], [ -46.015997308697486, -23.800437270568516 ], [ -46.0159996081182, -23.800441101637283 ], [ -46.01600197985487, -23.800444895197757 ], [ -46.016004423185031, -23.800448650094388 ], [ -46.016006937364445, -23.800452365183389 ], [ -46.016009521627268, -23.800456039333103 ], [ -46.016012175186304, -23.800459671424363 ], [ -46.016014897233248, -23.800463260350778 ], [ -46.016017686938959, -23.800466805019113 ], [ -46.016020543453664, -23.800470304349645 ], [ -46.016023465907239, -23.800473757276428 ], [ -46.016026453409474, -23.800477162747672 ], [ -46.016029505050355, -23.800480519726033 ], [ -46.016032619900329, -23.800483827188927 ], [ -46.016035797010559, -23.800487084128882 ], [ -46.0160390354133, -23.800490289553771 ], [ -46.016042334122083, -23.800493442487227 ], [ -46.016045692132089, -23.800496541968798 ], [ -46.016049108420447, -23.800499587054372 ], [ -46.016052581946518, -23.800502576816367 ], [ -46.016056111652219, -23.800505510344067 ], [ -46.016059696462378, -23.800508386743903 ], [ -46.016063335285025, -23.800511205139674 ], [ -46.016067027011744, -23.800513964672874 ], [ -46.016070770517977, -23.800516664502929 ], [ -46.016074564663434, -23.80051930380742 ], [ -46.016078408292366, -23.800521881782409 ], [ -46.016082300233968, -23.80052439764259 ], [ -46.016086239302723, -23.800526850621637 ], [ -46.016090224298729, -23.800529239972313 ], [ -46.016094254008138, -23.800531564966818 ], [ -46.016098327203437, -23.80053382489692 ], [ -46.016102442643898, -23.800536019074219 ], [ -46.016106599075904, -23.800538146830345 ], [ -46.016110795233374, -23.800540207517173 ], [ -46.016115029838097, -23.800542200506985 ], [ -46.016119301600185, -23.800544125192694 ], [ -46.016123609218404, -23.800545980988016 ], [ -46.016127951380597, -23.800547767327657 ], [ -46.016132326764108, -23.800549483667492 ], [ -46.016136734036145, -23.800551129484681 ], [ -46.016141171854194, -23.800552704277905 ], [ -46.016145638866448, -23.800554207567451 ], [ -46.016150133712216, -23.800555638895421 ], [ -46.016154655022305, -23.800556997825801 ], [ -46.016159201419477, -23.80055828394465 ], [ -46.016163771518862, -23.800559496860203 ], [ -46.016168363928337, -23.800560636202988 ], [ -46.016172977249013, -23.800561701625956 ], [ -46.016177610075616, -23.800562692804558 ], [ -46.016182260996928, -23.800563609436875 ], [ -46.016186928596241, -23.800564451243698 ], [ -46.016191611451745, -23.800565217968586 ], [ -46.016196308136983, -23.800565909378008 ], [ -46.016201017221292, -23.800566525261335 ], [ -46.016205737270241, -23.800567065430972 ], [ -46.01621046684604, -23.800567529722365 ], [ -46.016215204508008, -23.800567917994094 ], [ -46.016219948813003, -23.80056823012789 ], [ -46.016224698315845, -23.800568466028675 ], [ -46.016229451569806, -23.800568625624592 ], [ -46.016234207126956, -23.800568708867015 ], [ -46.016238963538719, -23.800568715730599 ], [ -46.01624371935624, -23.800568646213247 ], [ -46.01624847313083, -23.800568500336141 ], [ -46.016253223414445, -23.800568278143707 ], [ -46.01625796876008, -23.800567979703647 ], [ -46.016262707722269, -23.800567605106842 ], [ -46.016267438857454, -23.800567154467423 ], [ -46.01627216072449, -23.800566627922652 ], [ -46.016276871885033, -23.800566025632911 ], [ -46.016281570904006, -23.800565347781678 ], [ -46.01628625635005, -23.80056459457543 ], [ -46.016290926795911, -23.800563766243602 ], [ -46.01629558081892, -23.800562863038515 ], [ -46.016300217001422, -23.800561885235297 ], [ -46.016304833931166, -23.800560833131787 ], [ -46.016309430201794, -23.800559707048489 ], [ -46.016314004413225, -23.8005585073284 ], [ -46.016318555172113, -23.800557234336981 ], [ -46.016323081092224, -23.800555888461997 ], [ -46.016327580794936, -23.800554470113418 ], [ -46.016332052909583, -23.800552979723278 ], [ -46.016336496073905, -23.800551417745588 ], [ -46.016340908934467, -23.800549784656123 ], [ -46.016345290147058, -23.800548080952353 ], [ -46.016349638377122, -23.80054630715324 ], [ -46.016353952300129, -23.80054446379911 ], [ -46.01635823060203, -23.800542551451468 ], [ -46.016362471979583, -23.800540570692828 ], [ -46.016366675140837, -23.800538522126566 ], [ -46.016370838805464, -23.80053640637669 ], [ -46.016374961705161, -23.800534224087677 ], [ -46.016379042584042, -23.800531975924294 ], [ -46.016383080199041, -23.800529662571329 ], [ -46.016387073320253, -23.80052728473348 ], [ -46.016391020731326, -23.800524843135044 ], [ -46.016394921229846, -23.800522338519766 ], [ -46.016398773627685, -23.800519771650599 ], [ -46.016402576751346, -23.800517143309413 ], [ -46.016406329442368, -23.800514454296835 ], [ -46.016410030557644, -23.800511705431987 ], [ -46.016413678969776, -23.800508897552188 ], [ -46.016417273567427, -23.800506031512747 ], [ -46.016420813255642, -23.800503108186689 ], [ -46.016424296956188, -23.800500128464503 ], [ -46.016427723607912, -23.800497093253842 ], [ -46.016431092167011, -23.800494003479251 ], [ -46.016434401607398, -23.80049086008194 ], [ -46.016437650920977, -23.800487664019382 ], [ -46.016440839117976, -23.800484416265164 ], [ -46.016443965227253, -23.800481117808566 ], [ -46.016447028296561, -23.800477769654357 ], [ -46.01645002739285, -23.800474372822389 ], [ -46.016452961602575, -23.800470928347398 ], [ -46.016455830031958, -23.800467437278613 ], [ -46.016458631807247, -23.800463900679425 ], [ -46.016461366074985, -23.800460319627145 ], [ -46.016464032002311, -23.800456695212578 ], [ -46.016466628777138, -23.800453028539774 ], [ -46.016469155608483, -23.80044932072564 ], [ -46.016471611726651, -23.800445572899608 ], [ -46.016473996383482, -23.800441786203319 ], [ -46.016476308852603, -23.800437961790216 ], [ -46.016478548429596, -23.800434100825267 ], [ -46.016480714432291, -23.800430204484588 ], [ -46.016482806200898, -23.800426273955001 ], [ -46.016484823098246, -23.800422310433817 ], [ -46.016486764509985, -23.800418315128358 ], [ -46.016488629844744, -23.800414289255627 ], [ -46.016490418534325, -23.800410234041955 ], [ -46.016492130033882, -23.800406150722605 ], [ -46.016493763822091, -23.800402040541382 ], [ -46.01649531940128, -23.800397904750309 ], [ -46.016496796297616, -23.800393744609181 ], [ -46.016498194061235, -23.800389561385213 ], [ -46.016499512266357, -23.80038535635267 ], [ -46.016500750511462, -23.800381130792434 ], [ -46.016501908419379, -23.800376885991664 ], [ -46.016502985637402, -23.800372623243366 ], [ -46.016503981837396, -23.800368343846024 ], [ -46.016504896715936, -23.800364049103159 ], [ -46.016505729994336, -23.800359740323014 ], [ -46.01650648141878, -23.800355418818093 ], [ -46.016507150760397, -23.800351085904751 ], [ -46.016507737815289, -23.800346742902846 ], [ -46.016508242404655, -23.800342391135295 ], [ -46.016508664374797, -23.800338031927687 ], [ -46.016509003597179, -23.800333666607887 ], [ -46.016509259968494, -23.800329296505598 ], [ -46.01650943341064, -23.800324922952026 ], [ -46.016509523870816, -23.800320547279373 ], [ -46.016509531321447, -23.800316170820508 ], [ -46.0165094557603, -23.800311794908563 ], [ -46.016509297210376, -23.800307420876464 ], [ -46.016509055719993, -23.800303050056606 ], [ -46.016508731362713, -23.800298683780341 ], [ -46.01650832423735, -23.800294323377713 ], [ -46.01650783446793, -23.800289970176937 ], [ -46.016507262203639, -23.800285625504035 ], [ -46.016506607618815, -23.800281290682445 ], [ -46.016505870912859, -23.800276967032566 ], [ -46.016505052310166, -23.80027265587146 ], [ -46.016504152060122, -23.800268358512312 ], [ -46.016503170436948, -23.800264076264167 ], [ -46.016502107739669, -23.800259810431417 ], [ -46.016500964291993, -23.800255562313485 ], [ -46.016499740442228, -23.800251333204372 ], [ -46.016498436563197, -23.800247124392321 ], [ -46.016497053052063, -23.800242937159364 ], [ -46.016495590330273, -23.800238772780983 ], [ -46.016494048843391, -23.80023463252568 ], [ -46.016492429060975, -23.800230517654601 ], [ -46.016490731476438, -23.800226429421183 ], [ -46.016488956606871, -23.800222369070749 ], [ -46.016487104992933, -23.8002183378401 ], [ -46.016485177198653, -23.800214336957193 ], [ -46.01648317381126, -23.800210367640748 ], [ -46.016481095440994, -23.800206431099827 ], [ -46.016478942720973, -23.800202528533543 ], [ -46.016476716306933, -23.800198661130661 ], [ -46.016474416877067, -23.800194830069216 ], [ -46.016472045131799, -23.8001910365162 ], [ -46.016469601793595, -23.800187281627146 ], [ -46.016467087606735, -23.800183566545837 ], [ -46.016464503337055, -23.800179892403911 ], [ -46.016461849771751, -23.800176260320541 ], [ -46.016459127719138, -23.800172671402095 ], [ -46.016456338008368, -23.800169126741803 ], [ -46.016453481489229, -23.800165627419378 ], [ -46.016450559031831, -23.800162174500759 ], [ -46.016447571526399, -23.800158769037726 ], [ -46.01644451988296, -23.800155412067603 ], [ -46.01644140503106, -23.800152104612977 ], [ -46.016438227919529, -23.80014884768131 ], [ -46.016434989516135, -23.800145642264699 ], [ -46.01643169080733, -23.800142489339525 ], [ -46.016428332797943, -23.800139389866221 ], [ -46.016424916510836, -23.800136344788889 ], [ -46.016421442986669, -23.800133355035101 ], [ -46.016417913283483, -23.800130421515547 ], [ -46.016414328476479, -23.800127545123811 ], [ -46.016410689657604, -23.80012472673608 ], [ -46.016406997935306, -23.800121967210831 ], [ -46.016403254434081, -23.800119267388666 ], [ -46.016399460294252, -23.800116628091942 ], [ -46.016395616671552, -23.800114050124634 ], [ -46.016391724736778, -23.800111534272006 ], [ -46.016387785675441, -23.800109081300409 ], [ -46.016383800687429, -23.800106691957033 ], [ -46.016379770986589, -23.800104366969702 ], [ -46.016375697800406, -23.800102107046616 ], [ -46.016371582369622, -23.800099912876174 ], [ -46.016367425947813, -23.800097785126734 ], [ -46.016363229801073, -23.800095724446429 ], [ -46.016358995207575, -23.800093731462951 ], [ -46.016354723457219, -23.800091806783399 ], [ -46.016350415851221, -23.800089950994021 ], [ -46.016346073701705, -23.800088164660121 ], [ -46.016341698331331, -23.800086448325821 ], [ -46.016337291072873, -23.80008480251394 ], [ -46.016332853268807, -23.800083227725803 ], [ -46.016328386270942, -23.800081724441117 ], [ -46.016323891439946, -23.800080293117759 ], [ -46.016319370144998, -23.800078934191749 ], [ -46.01631482376331, -23.800077648077032 ], [ -46.016310253679755, -23.800076435165359 ], [ -46.016305661286403, -23.800075295826186 ], [ -46.016301047982147, -23.800074230406583 ], [ -46.016296415172235, -23.800073239231061 ], [ -46.016291764267855, -23.800072322601558 ], [ -46.016287096685708, -23.800071480797286 ], [ -46.016282413847584, -23.800070714074661 ], [ -46.016277717179911, -23.800070022667228 ], [ -46.016273008113323, -23.800069406785607 ], [ -46.016268288082252, -23.800068866617391 ], [ -46.01626355852445, -23.800068402327128 ], [ -46.016258820880573, -23.800068014056244 ], [ -46.016254076593754, -23.800067701923009 ], [ -46.016249327109136, -23.800067466022497 ], [ -46.01624457387345, -23.800067306426566 ], [ -46.016239818334569, -23.800067223183831 ], [ -46.016235061941074, -23.800067216319654 ] ] ] } },
{ "type": "Feature", "properties": { "fid": 6 }, "geometry": { "type": "Polygon", "coordinates": [ [ [ -46.011375958651406, -23.798190158670785 ], [ -46.011371773813067, -23.79819021970841 ], [ -46.011367590769801, -23.798190347939137 ], [ -46.011363410795802, -23.798190543323905 ], [ -46.011359235164313, -23.798190805803188 ], [ -46.011355065147278, -23.798191135297035 ], [ -46.011350902014911, -23.798191531705083 ], [ -46.01134674703534, -23.798191994906592 ], [ -46.011342601474205, -23.798192524760456 ], [ -46.011338466594282, -23.798193121105278 ], [ -46.011334343655072, -23.798193783759402 ], [ -46.011330233912481, -23.79819451252099 ], [ -46.011326138618351, -23.798195307168058 ], [ -46.011322059020152, -23.798196167458535 ], [ -46.01131799636056, -23.798197093130383 ], [ -46.011313951877092, -23.798198083901621 ], [ -46.011309926801736, -23.798199139470462 ], [ -46.01130592236057, -23.798200259515372 ], [ -46.011301939773368, -23.798201443695167 ], [ -46.011297980253268, -23.798202691649148 ], [ -46.011294045006366, -23.798204002997181 ], [ -46.01129013523137, -23.798205377339801 ], [ -46.011286252119248, -23.798206814258386 ], [ -46.011282396852806, -23.798208313315232 ], [ -46.011278570606407, -23.798209874053722 ], [ -46.011274774545555, -23.798211495998437 ], [ -46.011271009826565, -23.79821317865531 ], [ -46.011267277596197, -23.798214921511807 ], [ -46.011263578991326, -23.798216724037029 ], [ -46.011259915138574, -23.798218585681919 ], [ -46.011256287153977, -23.798220505879396 ], [ -46.011252696142677, -23.798222484044551 ], [ -46.011249143198498, -23.798224519574838 ], [ -46.011245629403717, -23.79822661185019 ], [ -46.011242155828661, -23.798228760233307 ], [ -46.01123872353142, -23.798230964069749 ], [ -46.011235333557487, -23.798233222688228 ], [ -46.011231986939499, -23.798235535400739 ], [ -46.011228684696853, -23.798237901502819 ], [ -46.011225427835441, -23.798240320273731 ], [ -46.011222217347338, -23.798242790976694 ], [ -46.011219054210493, -23.798245312859105 ], [ -46.011215939388421, -23.798247885152797 ], [ -46.011212873829933, -23.79825050707419 ], [ -46.011209858468824, -23.798253177824677 ], [ -46.011206894223605, -23.798255896590678 ], [ -46.011203981997205, -23.798258662544054 ], [ -46.011201122676724, -23.798261474842271 ], [ -46.011198317133143, -23.79826433262868 ], [ -46.011195566221055, -23.798267235032768 ], [ -46.011192870778409, -23.798270181170441 ], [ -46.011190231626266, -23.798273170144281 ], [ -46.011187649568548, -23.798276201043819 ], [ -46.011185125391776, -23.798279272945809 ], [ -46.011182659864829, -23.798282384914536 ], [ -46.011180253738743, -23.798285536002066 ], [ -46.011177907746443, -23.798288725248533 ], [ -46.011175622602551, -23.798291951682483 ], [ -46.011173399003141, -23.798295214321112 ], [ -46.011171237625547, -23.798298512170582 ], [ -46.01116913912815, -23.798301844226341 ], [ -46.011167104150182, -23.79830520947343 ], [ -46.011165133311508, -23.798308606886735 ], [ -46.011163227212471, -23.798312035431405 ], [ -46.011161386433699, -23.798315494063065 ], [ -46.011159611535909, -23.798318981728166 ], [ -46.011157903059761, -23.798322497364353 ], [ -46.011156261525677, -23.798326039900722 ], [ -46.011154687433681, -23.798329608258189 ], [ -46.011153181263268, -23.798333201349806 ], [ -46.011151743473235, -23.798336818081065 ], [ -46.011150374501561, -23.798340457350299 ], [ -46.011149074765235, -23.798344118048934 ], [ -46.011147844660194, -23.798347799061901 ], [ -46.011146684561133, -23.798351499267923 ], [ -46.011145594821443, -23.798355217539878 ], [ -46.011144575773066, -23.798358952745151 ], [ -46.011143627726426, -23.798362703745966 ], [ -46.011142750970315, -23.798366469399721 ], [ -46.011141945771797, -23.798370248559394 ], [ -46.01114121237616, -23.798374040073774 ], [ -46.011140551006804, -23.798377842787957 ], [ -46.011139961865197, -23.798381655543597 ], [ -46.011139445130802, -23.798385477179277 ], [ -46.01113900096103, -23.798389306530918 ], [ -46.011138629491185, -23.79839314243204 ], [ -46.011138330834434, -23.798396983714198 ], [ -46.011138105081741, -23.798400829207299 ], [ -46.01113795230188, -23.79840467773997 ], [ -46.011137872541411, -23.798408528139912 ], [ -46.01113786582463, -23.798412379234257 ], [ -46.011137932153588, -23.798416229849924 ], [ -46.011138071508078, -23.798420078813962 ], [ -46.011138283845675, -23.798423924953955 ], [ -46.011138569101689, -23.798427767098335 ], [ -46.011138927189258, -23.79843160407674 ], [ -46.011139357999276, -23.798435434720389 ], [ -46.011139861400551, -23.79843925786243 ], [ -46.011140437239739, -23.798443072338287 ], [ -46.011141085341428, -23.798446876986052 ], [ -46.011141805508224, -23.798450670646769 ], [ -46.01114259752076, -23.798454452164872 ], [ -46.011143461137777, -23.798458220388468 ], [ -46.011144396096221, -23.798461974169694 ], [ -46.011145402111296, -23.79846571236515 ], [ -46.011146478876576, -23.798469433836107 ], [ -46.011147626064059, -23.798473137448994 ], [ -46.011148843324321, -23.798476822075646 ], [ -46.011150130286559, -23.798480486593679 ], [ -46.011151486558781, -23.798484129886848 ], [ -46.011152911727848, -23.798487750845382 ], [ -46.011154405359633, -23.798491348366287 ], [ -46.011155966999176, -23.798494921353711 ], [ -46.011157596170797, -23.798498468719302 ], [ -46.011159292378231, -23.798501989382476 ], [ -46.0111610551048, -23.798505482270841 ], [ -46.011162883813569, -23.798508946320386 ], [ -46.011164777947492, -23.798512380475952 ], [ -46.01116673692961, -23.79851578369145 ], [ -46.011168760163194, -23.798519154930219 ], [ -46.011170847031963, -23.798522493165347 ], [ -46.011172996900221, -23.798525797379988 ], [ -46.011175209113112, -23.798529066567625 ], [ -46.011177482996771, -23.79853229973244 ], [ -46.011179817858569, -23.798535495889571 ], [ -46.011182212987265, -23.798538654065428 ], [ -46.011184667653296, -23.798541773298012 ], [ -46.011187181108951, -23.798544852637164 ], [ -46.011189752588592, -23.798547891144882 ], [ -46.011192381308938, -23.798550887895619 ], [ -46.011195066469256, -23.798553841976521 ], [ -46.011197807251612, -23.798556752487734 ], [ -46.011200602821141, -23.798559618542701 ], [ -46.011203452326285, -23.798562439268384 ], [ -46.011206354899066, -23.798565213805556 ], [ -46.011209309655321, -23.798567941309081 ], [ -46.011212315695012, -23.798570620948102 ], [ -46.011215372102455, -23.798573251906411 ], [ -46.011218477946656, -23.79857583338255 ], [ -46.011221632281533, -23.798578364590199 ], [ -46.011224834146255, -23.798580844758316 ], [ -46.011228082565488, -23.798583273131428 ], [ -46.01123137654973, -23.798585648969802 ], [ -46.011234715095611, -23.798587971549743 ], [ -46.011238097186165, -23.798590240163769 ], [ -46.011241521791185, -23.798592454120843 ], [ -46.011244987867485, -23.798594612746552 ], [ -46.011248494359279, -23.798596715383379 ], [ -46.011252040198443, -23.798598761390817 ], [ -46.011255624304873, -23.798600750145638 ], [ -46.011259245586821, -23.798602681042038 ], [ -46.011262902941205, -23.798604553491852 ], [ -46.011266595253943, -23.798606366924723 ], [ -46.011270321400332, -23.798608120788234 ], [ -46.01127408024535, -23.798609814548165 ], [ -46.011277870643994, -23.798611447688554 ], [ -46.011281691441688, -23.798613019711951 ], [ -46.011285541474564, -23.798614530139481 ], [ -46.011289419569856, -23.798615978511055 ], [ -46.011293324546259, -23.798617364385493 ], [ -46.011297255214288, -23.798618687340632 ], [ -46.011301210376594, -23.798619946973499 ], [ -46.011305188828409, -23.79862114290038 ], [ -46.011309189357839, -23.79862227475699 ], [ -46.011313210746295, -23.798623342198557 ], [ -46.011317251768801, -23.79862434489992 ], [ -46.011321311194429, -23.798625282555644 ], [ -46.011325387786627, -23.798626154880118 ], [ -46.011329480303623, -23.798626961607621 ], [ -46.011333587498783, -23.798627702492404 ], [ -46.011337708121019, -23.798628377308795 ], [ -46.011341840915129, -23.798628985851227 ], [ -46.011345984622238, -23.798629527934349 ], [ -46.011350137980116, -23.798630003393018 ], [ -46.0113542997236, -23.798630412082421 ], [ -46.011358468584987, -23.798630753878054 ], [ -46.011362643294383, -23.798631028675807 ], [ -46.011366822580129, -23.798631236391973 ], [ -46.011371005169174, -23.798631376963282 ], [ -46.011375189787444, -23.79863145034691 ], [ -46.01137937516026, -23.798631456520507 ], [ -46.011383560012717, -23.798631395482204 ], [ -46.011387743070053, -23.798631267250567 ], [ -46.011391923058071, -23.798631071864687 ], [ -46.011396098703493, -23.798630809384061 ], [ -46.01140026873437, -23.798630479888644 ], [ -46.011404431880472, -23.798630083478816 ], [ -46.01140858687365, -23.798629620275317 ], [ -46.01141273244825, -23.798629090419251 ], [ -46.011416867341481, -23.79862849407202 ], [ -46.011420990293814, -23.798627831415274 ], [ -46.011425100049344, -23.798627102650858 ], [ -46.0114291953562, -23.798626308000774 ], [ -46.011433274966905, -23.798625447707071 ], [ -46.011437337638753, -23.798624522031819 ], [ -46.01144138213423, -23.798623531256986 ], [ -46.011445407221331, -23.798622475684361 ], [ -46.011449411673958, -23.798621355635493 ], [ -46.011453394272316, -23.798620171451567 ], [ -46.011457353803273, -23.798618923493283 ], [ -46.011461289060705, -23.798617612140792 ], [ -46.011465198845883, -23.798616237793553 ], [ -46.01146908196786, -23.798614800870187 ], [ -46.011472937243774, -23.798613301808423 ], [ -46.011476763499289, -23.798611741064875 ], [ -46.011480559568859, -23.798610119114961 ], [ -46.011484324296191, -23.798608436452756 ], [ -46.011488056534489, -23.798606693590813 ], [ -46.011491755146871, -23.79860489106003 ], [ -46.011495419006714, -23.79860302940947 ], [ -46.011499046997962, -23.798601109206224 ], [ -46.011502638015486, -23.7985991310352 ], [ -46.011506190965434, -23.798597095498973 ], [ -46.011509704765537, -23.798595003217581 ], [ -46.011513178345446, -23.798592854828367 ], [ -46.011516610647085, -23.798590650985755 ], [ -46.011520000624934, -23.798588392361044 ], [ -46.01152334724636, -23.798586079642256 ], [ -46.011526649491969, -23.798583713533855 ], [ -46.011529906355861, -23.798581294756591 ], [ -46.011533116845946, -23.798578824047244 ], [ -46.011536279984291, -23.79857630215843 ], [ -46.011539394807365, -23.798573729858333 ], [ -46.011542460366364, -23.79857110793051 ], [ -46.011545475727495, -23.798568437173621 ], [ -46.011548439972238, -23.798565718401221 ], [ -46.011551352197671, -23.798562952441461 ], [ -46.011554211516689, -23.798560140136896 ], [ -46.011557017058323, -23.798557282344181 ], [ -46.011559767967974, -23.798554379933812 ], [ -46.011562463407692, -23.798551433789918 ], [ -46.011565102556425, -23.798548444809917 ], [ -46.011567684610263, -23.798545413904275 ], [ -46.011570208782686, -23.798542341996264 ], [ -46.011572674304809, -23.798539230021593 ], [ -46.011575080425615, -23.798536078928215 ], [ -46.011577426412167, -23.798532889675982 ], [ -46.011579711549871, -23.798529663236373 ], [ -46.011581935142658, -23.798526400592191 ], [ -46.011584096513189, -23.798523102737288 ], [ -46.011586195003112, -23.798519770676211 ], [ -46.011588229973185, -23.79851640542395 ], [ -46.011590200803553, -23.798513008005592 ], [ -46.011592106893893, -23.798509579456013 ], [ -46.011593947663584, -23.798506120819599 ], [ -46.011595722551917, -23.798502633149887 ], [ -46.011597431018245, -23.798499117509252 ], [ -46.011599072542175, -23.798495574968605 ], [ -46.011600646623663, -23.798492006607013 ], [ -46.01160215278324, -23.798488413511464 ], [ -46.011603590562132, -23.798484796776435 ], [ -46.01160495952238, -23.798481157503627 ], [ -46.011606259246975, -23.798477496801592 ], [ -46.01160748934003, -23.798473815785439 ], [ -46.01160864942684, -23.798470115576411 ], [ -46.011609739154053, -23.798466397301652 ], [ -46.011610758189718, -23.798462662093787 ], [ -46.011611706223434, -23.79845891109057 ], [ -46.011612582966436, -23.798455145434634 ], [ -46.011613388151666, -23.798451366273 ], [ -46.011614121533853, -23.798447574756853 ], [ -46.011614782889609, -23.798443772041129 ], [ -46.011615372017488, -23.798439959284163 ], [ -46.011615888738042, -23.798436137647379 ], [ -46.011616332893887, -23.79843230829486 ], [ -46.01161670434972, -23.798428472393073 ], [ -46.011617002992409, -23.798424631110482 ], [ -46.011617228730991, -23.798420785617168 ], [ -46.011617381496706, -23.798416937084504 ], [ -46.01161746124302, -23.798413086684803 ], [ -46.011617467945662, -23.798409235590917 ], [ -46.011617401602592, -23.798405384975933 ], [ -46.011617262234019, -23.798401536012801 ], [ -46.01161704988241, -23.798397689873926 ], [ -46.011616764612455, -23.798393847730896 ], [ -46.011616406511045, -23.798390010754055 ], [ -46.011615975687292, -23.798386180112185 ], [ -46.01161547227241, -23.798382356972127 ], [ -46.011614896419758, -23.79837854249848 ], [ -46.01161424830476, -23.798374737853134 ], [ -46.01161352812484, -23.798370944195025 ], [ -46.01161273609938, -23.798367162679749 ], [ -46.011611872469636, -23.798363394459177 ], [ -46.011610937498688, -23.798359640681166 ], [ -46.011609931471348, -23.798355902489124 ], [ -46.01160885469406, -23.798352181021755 ], [ -46.011607707494825, -23.798348477412652 ], [ -46.011606490223116, -23.798344792789958 ], [ -46.011605203249708, -23.798341128276054 ], [ -46.011603846966629, -23.798337484987186 ], [ -46.011602421787046, -23.798333864033125 ], [ -46.011600928145064, -23.798330266516849 ], [ -46.011599366495673, -23.79832669353419 ], [ -46.011597737314574, -23.798323146173519 ], [ -46.011596041098038, -23.798319625515401 ], [ -46.011594278362736, -23.798316132632241 ], [ -46.011592449645633, -23.798312668588018 ], [ -46.01159055550378, -23.798309234437898 ], [ -46.011588596514152, -23.79830583122796 ], [ -46.011586573273476, -23.798302459994861 ], [ -46.01158448639805, -23.798299121765503 ], [ -46.011582336523574, -23.798295817556728 ], [ -46.011580124304906, -23.798292548375045 ], [ -46.011577850415925, -23.798289315216262 ], [ -46.011575515549275, -23.798286119065239 ], [ -46.011573120416188, -23.798282960895545 ], [ -46.011570665746241, -23.798279841669189 ], [ -46.011568152287147, -23.798276762336318 ], [ -46.011565580804536, -23.798273723834921 ], [ -46.011562952081718, -23.798270727090536 ], [ -46.011560266919417, -23.798267773016022 ], [ -46.011557526135569, -23.798264862511207 ], [ -46.011554730565031, -23.798261996462642 ], [ -46.011551881059368, -23.798259175743375 ], [ -46.011548978486573, -23.798256401212608 ], [ -46.011546023730794, -23.798253673715493 ], [ -46.01154301769207, -23.798250994082842 ], [ -46.01153996128609, -23.798248363130888 ], [ -46.011536855443836, -23.798245781661066 ], [ -46.011533701111397, -23.798243250459688 ], [ -46.011530499249609, -23.798240770297799 ], [ -46.01152725083378, -23.798238341930851 ], [ -46.011523956853416, -23.79823596609857 ], [ -46.011520618311891, -23.798233643524657 ], [ -46.011517236226155, -23.798231374916568 ], [ -46.011513811626422, -23.798229160965356 ], [ -46.011510345555855, -23.798227002345406 ], [ -46.01150683907025, -23.798224899714235 ], [ -46.011503293237716, -23.79822285371235 ], [ -46.011499709138342, -23.798220864962968 ], [ -46.011496087863875, -23.798218934071876 ], [ -46.011492430517393, -23.798217061627241 ], [ -46.011488738212947, -23.798215248199423 ], [ -46.011485012075262, -23.798213494340814 ], [ -46.011481253239332, -23.798211800585644 ], [ -46.011477462850131, -23.798210167449863 ], [ -46.011473642062263, -23.798208595430918 ], [ -46.011469792039549, -23.798207085007675 ], [ -46.011465913954758, -23.798205636640219 ], [ -46.011462008989184, -23.798204250769711 ], [ -46.011458078332296, -23.798202927818334 ], [ -46.011454123181423, -23.798201668189044 ], [ -46.011450144741332, -23.798200472265552 ], [ -46.011446144223889, -23.798199340412147 ], [ -46.011442122847683, -23.798198272973579 ], [ -46.011438081837653, -23.798197270275022 ], [ -46.011434022424737, -23.798196332621895 ], [ -46.011429945845464, -23.798195460299812 ], [ -46.011425853341585, -23.798194653574498 ], [ -46.011421746159712, -23.798193912691687 ], [ -46.011417625550926, -23.798193237877051 ], [ -46.011413492770409, -23.798192629336164 ], [ -46.011409349077027, -23.798192087254364 ], [ -46.011405195732983, -23.798191611796788 ], [ -46.011401034003434, -23.798191203108274 ], [ -46.011396865156058, -23.798190861313305 ], [ -46.011392690460731, -23.798190586515986 ], [ -46.011388511189104, -23.79819037880003 ], [ -46.011384328614199, -23.798190238228702 ], [ -46.011380144010083, -23.79819016484484 ], [ -46.011375958651406, -23.798190158670785 ] ] ] } },
{ "type": "Feature", "properties": { "fid": 7 }, "geometry": { "type": "Polygon", "coordinates": [ [ [ -46.006167102795629, -23.796795221822446 ], [ -46.006162280762823, -23.796795291989994 ], [ -46.006157460795293, -23.796795439582493 ], [ -46.006152644361229, -23.796795664554946 ], [ -46.006147832927773, -23.796795966838868 ], [ -46.006143027960505, -23.796796346342166 ], [ -46.006138230923064, -23.796796802949235 ], [ -46.006133443276667, -23.796797336520996 ], [ -46.006128666479675, -23.796797946894923 ], [ -46.006123901987138, -23.796798633885075 ], [ -46.006119151250346, -23.796799397282204 ], [ -46.006114415716425, -23.79680023685378 ], [ -46.006109696827849, -23.796801152344052 ], [ -46.006104996022032, -23.796802143474142 ], [ -46.006100314730872, -23.796803209942176 ], [ -46.006095654380339, -23.796804351423262 ], [ -46.006091016390009, -23.796805567569734 ], [ -46.006086402172649, -23.796806858011113 ], [ -46.006081813133783, -23.796808222354333 ], [ -46.006077250671282, -23.796809660183804 ], [ -46.006072716174906, -23.796811171061567 ], [ -46.006068211025891, -23.796812754527366 ], [ -46.006063736596552, -23.796814410098886 ], [ -46.00605929424983, -23.796816137271822 ], [ -46.006054885338919, -23.79681793552006 ], [ -46.006050511206787, -23.796819804295851 ], [ -46.006046173185844, -23.796821743029923 ], [ -46.006041872597486, -23.796823751131758 ], [ -46.006037610751711, -23.796825827989661 ], [ -46.006033388946712, -23.796827972970981 ], [ -46.00602920846849, -23.796830185422365 ], [ -46.006025070590454, -23.796832464669876 ], [ -46.006020976573033, -23.796834810019234 ], [ -46.006016927663303, -23.796837220756021 ], [ -46.006012925094602, -23.796839696145923 ], [ -46.00600897008615, -23.796842235434898 ], [ -46.006005063842672, -23.796844837849473 ], [ -46.006001207554043, -23.796847502596918 ], [ -46.005997402394932, -23.796850228865548 ], [ -46.00599364952442, -23.796853015824887 ], [ -46.00598995008567, -23.796855862626035 ], [ -46.00598630520556, -23.796858768401815 ], [ -46.005982715994364, -23.796861732267107 ], [ -46.005979183545378, -23.796864753319099 ], [ -46.005975708934628, -23.796867830637556 ], [ -46.005972293220516, -23.79687096328508 ], [ -46.005968937443491, -23.796874150307467 ], [ -46.005965642625767, -23.796877390733901 ], [ -46.00596240977098, -23.796880683577342 ], [ -46.005959239863877, -23.796884027834739 ], [ -46.00595613387005, -23.796887422487409 ], [ -46.005953092735623, -23.796890866501325 ], [ -46.005950117386952, -23.796894358827402 ], [ -46.005947208730355, -23.796897898401831 ], [ -46.00594436765185, -23.796901484146467 ], [ -46.00594159501685, -23.796905114969015 ], [ -46.005938891669928, -23.796908789763531 ], [ -46.005936258434566, -23.796912507410617 ], [ -46.005933696112862, -23.796916266777867 ], [ -46.005931205485346, -23.796920066720119 ], [ -46.00592878731068, -23.796923906079893 ], [ -46.005926442325453, -23.796927783687686 ], [ -46.005924171244004, -23.796931698362336 ], [ -46.005921974758124, -23.796935648911408 ], [ -46.005919853536874, -23.796939634131526 ], [ -46.005917808226421, -23.796943652808753 ], [ -46.005915839449777, -23.796947703718971 ], [ -46.005913947806661, -23.796951785628231 ], [ -46.005912133873302, -23.796955897293135 ], [ -46.005910398202239, -23.796960037461261 ], [ -46.005908741322187, -23.796964204871447 ], [ -46.005907163737845, -23.796968398254283 ], [ -46.005905665929774, -23.796972616332411 ], [ -46.005904248354227, -23.796976857820965 ], [ -46.005902911443016, -23.796981121427969 ], [ -46.005901655603395, -23.796985405854667 ], [ -46.005900481217893, -23.796989709796001 ], [ -46.005899388644266, -23.796994031940926 ], [ -46.005898378215321, -23.796998370972901 ], [ -46.005897450238848, -23.797002725570199 ], [ -46.005896604997538, -23.797007094406382 ], [ -46.005895842748863, -23.797011476150647 ], [ -46.005895163725015, -23.797015869468293 ], [ -46.005894568132838, -23.797020273021051 ], [ -46.005894056153771, -23.797024685467569 ], [ -46.005893627943777, -23.797029105463775 ], [ -46.005893283633291, -23.797033531663285 ], [ -46.005893023327218, -23.797037962717855 ], [ -46.005892847104839, -23.797042397277728 ], [ -46.005892755019865, -23.797046833992091 ], [ -46.005892747100326, -23.797051271509488 ], [ -46.005892823348667, -23.797055708478215 ], [ -46.00589298374166, -23.797060143546702 ], [ -46.005893228230455, -23.797064575364011 ], [ -46.005893556740588, -23.797069002580145 ], [ -46.005893969172007, -23.797073423846545 ], [ -46.005894465399088, -23.797077837816442 ], [ -46.005895045270677, -23.797082243145304 ], [ -46.005895708610147, -23.797086638491212 ], [ -46.005896455215449, -23.797091022515314 ], [ -46.005897284859181, -23.797095393882188 ], [ -46.005898197288616, -23.797099751260255 ], [ -46.005899192225826, -23.797104093322247 ], [ -46.005900269367764, -23.797108418745498 ], [ -46.005901428386323, -23.797112726212447 ], [ -46.005902668928464, -23.797117014411015 ], [ -46.005903990616318, -23.797121282034944 ], [ -46.005905393047279, -23.797125527784289 ], [ -46.005906875794167, -23.797129750365748 ], [ -46.005908438405335, -23.797133948493084 ], [ -46.005910080404796, -23.797138120887507 ], [ -46.005911801292399, -23.797142266278041 ], [ -46.005913600543927, -23.797146383401973 ], [ -46.005915477611346, -23.797150471005192 ], [ -46.005917431922867, -23.797154527842544 ], [ -46.005919462883213, -23.797158552678312 ], [ -46.005921569873721, -23.797162544286465 ], [ -46.005923752252585, -23.797166501451112 ], [ -46.005926009355051, -23.797170422966868 ], [ -46.005928340493583, -23.79717430763921 ], [ -46.005930744958093, -23.797178154284797 ], [ -46.005933222016168, -23.79718196173193 ], [ -46.005935770913268, -23.797185728820804 ], [ -46.005938390872984, -23.797189454403931 ], [ -46.005941081097248, -23.797193137346451 ], [ -46.005943840766612, -23.797196776526494 ], [ -46.005946669040434, -23.797200370835544 ], [ -46.005949565057207, -23.797203919178738 ], [ -46.005952527934781, -23.797207420475182 ], [ -46.00595555677063, -23.797210873658379 ], [ -46.00595865064215, -23.797214277676439 ], [ -46.005961808606912, -23.797217631492448 ], [ -46.005965029702978, -23.797220934084812 ], [ -46.005968312949165, -23.79722418444754 ], [ -46.00597165734537, -23.797227381590499 ], [ -46.005975061872846, -23.797230524539827 ], [ -46.005978525494555, -23.797233612338143 ], [ -46.005982047155435, -23.797236644044876 ], [ -46.005985625782756, -23.79723961873653 ], [ -46.005989260286434, -23.797242535506975 ], [ -46.005992949559356, -23.797245393467737 ], [ -46.005996692477744, -23.797248191748256 ], [ -46.00600048790146, -23.79725092949613 ], [ -46.006004334674373, -23.79725360587743 ], [ -46.006008231624719, -23.797256220076889 ], [ -46.006012177565452, -23.797258771298182 ], [ -46.00601617129459, -23.797261258764191 ], [ -46.006020211595605, -23.797263681717219 ], [ -46.006024297237779, -23.797266039419181 ], [ -46.006028426976584, -23.797268331151919 ], [ -46.006032599554054, -23.797270556217327 ], [ -46.006036813699168, -23.797272713937637 ], [ -46.006041068128262, -23.797274803655572 ], [ -46.006045361545397, -23.797276824734599 ], [ -46.006049692642748, -23.797278776559057 ], [ -46.006054060101, -23.797280658534405 ], [ -46.006058462589792, -23.797282470087378 ], [ -46.006062898768072, -23.797284210666152 ], [ -46.00606736728453, -23.797285879740521 ], [ -46.006071866778008, -23.797287476802065 ], [ -46.006076395877919, -23.797289001364319 ], [ -46.006080953204631, -23.797290452962869 ], [ -46.006085537369948, -23.797291831155547 ], [ -46.006090146977463, -23.797293135522537 ], [ -46.006094780623059, -23.79729436566652 ], [ -46.006099436895262, -23.797295521212785 ], [ -46.006104114375717, -23.797296601809308 ], [ -46.006108811639621, -23.797297607126975 ], [ -46.006113527256126, -23.797298536859522 ], [ -46.006118259788806, -23.797299390723747 ], [ -46.006123007796077, -23.797300168459564 ], [ -46.006127769831636, -23.797300869830053 ], [ -46.006132544444917, -23.797301494621582 ], [ -46.006137330181517, -23.797302042643828 ], [ -46.006142125583651, -23.797302513729843 ], [ -46.006146929190578, -23.797302907736142 ], [ -46.006151739539064, -23.797303224542716 ], [ -46.006156555163834, -23.797303464053051 ], [ -46.006161374597973, -23.797303626194189 ], [ -46.006166196373442, -23.797303710916744 ], [ -46.006171019021473, -23.797303718194904 ], [ -46.006175841073023, -23.797303648026464 ], [ -46.00618066105924, -23.797303500432768 ], [ -46.006185477511913, -23.797303275458823 ], [ -46.006190288963879, -23.797302973173121 ], [ -46.006195093949529, -23.797302593667748 ], [ -46.006199891005203, -23.797302137058324 ], [ -46.006204678669661, -23.797301603483923 ], [ -46.00620945548453, -23.797300993107072 ], [ -46.006214219994739, -23.797300306113716 ], [ -46.006218970748954, -23.797299542713112 ], [ -46.006223706300048, -23.797298703137791 ], [ -46.006228425205521, -23.797297787643515 ], [ -46.006233126027944, -23.797296796509155 ], [ -46.006237807335381, -23.797295730036605 ], [ -46.006242467701867, -23.797294588550741 ], [ -46.006247105707786, -23.797293372399253 ], [ -46.006251719940366, -23.797292081952623 ], [ -46.006256308994047, -23.797290717603925 ], [ -46.006260871470964, -23.797289279768737 ], [ -46.006265405981317, -23.797287768885063 ], [ -46.006269911143868, -23.797286185413125 ], [ -46.006274385586281, -23.797284529835277 ], [ -46.006278827945586, -23.797282802655808 ], [ -46.006283236868605, -23.797281004400844 ], [ -46.006287611012318, -23.797279135618151 ], [ -46.006291949044332, -23.797277196877005 ], [ -46.006296249643221, -23.797275188767955 ], [ -46.006300511498971, -23.797273111902676 ], [ -46.006304733313385, -23.797270966913825 ], [ -46.006308913800453, -23.79726875445478 ], [ -46.00631305168676, -23.797266475199489 ], [ -46.006317145711847, -23.797264129842223 ], [ -46.00632119462864, -23.797261719097435 ], [ -46.006325197203793, -23.797259243699429 ], [ -46.006329152218079, -23.797256704402265 ], [ -46.006333058466765, -23.797254101979426 ], [ -46.006336914759963, -23.797251437223643 ], [ -46.00634071992301, -23.797248710946629 ], [ -46.006344472796819, -23.797245923978853 ], [ -46.006348172238205, -23.797243077169231 ], [ -46.006351817120311, -23.797240171384953 ], [ -46.006355406332844, -23.797237207511156 ], [ -46.006358938782512, -23.797234186450634 ], [ -46.00636241339329, -23.797231109123672 ], [ -46.006365829106784, -23.797227976467646 ], [ -46.006369184882523, -23.797224789436804 ], [ -46.006372479698314, -23.797221549001932 ], [ -46.006375712550515, -23.797218256150106 ], [ -46.006378882454385, -23.797214911884385 ], [ -46.006381988444332, -23.797211517223449 ], [ -46.006385029574247, -23.797208073201347 ], [ -46.006388004917767, -23.797204580867181 ], [ -46.006390913568588, -23.797201041284747 ], [ -46.006393754640698, -23.797197455532221 ], [ -46.006396527268691, -23.797193824701889 ], [ -46.00639923060799, -23.79719014989973 ], [ -46.006401863835144, -23.797186432245127 ], [ -46.006404426148052, -23.797182672870512 ], [ -46.006406916766203, -23.797178872921041 ], [ -46.006409334930943, -23.797175033554208 ], [ -46.006411679905682, -23.797171155939537 ], [ -46.006413950976111, -23.797167241258173 ], [ -46.006416147450459, -23.797163290702585 ], [ -46.006418268659658, -23.79715930547615 ], [ -46.006420313957562, -23.797155286792801 ], [ -46.006422282721182, -23.797151235876672 ], [ -46.006424174350798, -23.797147153961735 ], [ -46.006425988270216, -23.797143042291356 ], [ -46.006427723926905, -23.797138902118 ], [ -46.00642938079217, -23.797134734702816 ], [ -46.006430958361335, -23.797130541315227 ], [ -46.006432456153846, -23.797126323232586 ], [ -46.006433873713476, -23.797122081739776 ], [ -46.00643521060843, -23.797117818128797 ], [ -46.006436466431488, -23.797113533698376 ], [ -46.006437640800115, -23.797109229753584 ], [ -46.006438733356596, -23.797104907605476 ], [ -46.006439743768127, -23.797100568570603 ], [ -46.006440671726956, -23.797096213970669 ], [ -46.00644151695041, -23.797091845132169 ], [ -46.006442279181037, -23.797087463385843 ], [ -46.006442958186668, -23.797083070066439 ], [ -46.006443553760469, -23.797078666512217 ], [ -46.006444065721041, -23.797074254064523 ], [ -46.006444493912433, -23.79706983406744 ], [ -46.006444838204239, -23.79706540786734 ], [ -46.006445098491575, -23.797060976812492 ], [ -46.006445274695182, -23.797056542252626 ], [ -46.006445366761369, -23.797052105538572 ], [ -46.006445374662128, -23.797047668021769 ], [ -46.00644529839505, -23.797043231053955 ], [ -46.006445137983377, -23.797038795986658 ], [ -46.006444893475965, -23.797034364170845 ], [ -46.006444564947323, -23.797029936956488 ], [ -46.006444152497522, -23.797025515692159 ], [ -46.006443656252216, -23.797021101724621 ], [ -46.006443076362558, -23.797016696398398 ], [ -46.00644241300521, -23.797012301055414 ], [ -46.006441666382237, -23.797007917034517 ], [ -46.006440836721083, -23.797003545671117 ], [ -46.006439924274481, -23.796999188296788 ], [ -46.006438929320367, -23.796994846238814 ], [ -46.006437852161824, -23.796990520819829 ], [ -46.006436693126986, -23.796986213357393 ], [ -46.006435452568901, -23.796981925163603 ], [ -46.006434130865458, -23.796977657544691 ], [ -46.006432728419277, -23.796973411800593 ], [ -46.006431245657566, -23.796969189224612 ], [ -46.006429683031989, -23.796964991102985 ], [ -46.006428041018545, -23.796960818714503 ], [ -46.006426320117413, -23.79695667333009 ], [ -46.006424520852811, -23.796952556212492 ], [ -46.006422643772794, -23.796948468615813 ], [ -46.006420689449172, -23.796944411785166 ], [ -46.006418658477251, -23.796940386956305 ], [ -46.006416551475674, -23.796936395355218 ], [ -46.006414369086272, -23.796932438197796 ], [ -46.00641211197383, -23.79692851668942 ], [ -46.006409780825884, -23.796924632024606 ], [ -46.006407376352527, -23.796920785386675 ], [ -46.006404899286196, -23.79691697794733 ], [ -46.006402350381421, -23.796913210866361 ], [ -46.006399730414643, -23.796909485291231 ], [ -46.00639704018392, -23.796905802356825 ], [ -46.006394280508729, -23.79690216318496 ], [ -46.0063914522297, -23.796898568884185 ], [ -46.006388556208357, -23.796895020549321 ], [ -46.006385593326847, -23.796891519261266 ], [ -46.006382564487701, -23.796888066086503 ], [ -46.006379470613545, -23.796884662076913 ], [ -46.006376312646786, -23.796881308269406 ], [ -46.006373091549385, -23.796878005685549 ], [ -46.006369808302509, -23.796874755331345 ], [ -46.006366463906282, -23.796871558196898 ], [ -46.006363059379424, -23.796868415256061 ], [ -46.006359595758994, -23.796865327466211 ], [ -46.006356074100047, -23.796862295767912 ], [ -46.006352495475312, -23.796859321084639 ], [ -46.006348860974867, -23.796856404322526 ], [ -46.006345171705817, -23.796853546370027 ], [ -46.006341428791956, -23.79685074809769 ], [ -46.006337633373391, -23.796848010357913 ], [ -46.006333786606248, -23.796845333984617 ], [ -46.006329889662304, -23.796842719793055 ], [ -46.006325943728577, -23.796840168579532 ], [ -46.006321950007056, -23.796837681121168 ], [ -46.006317909714248, -23.796835258175658 ], [ -46.00631382408087, -23.796832900481064 ], [ -46.00630969435143, -23.796830608755549 ], [ -46.006305521783894, -23.796828383697189 ], [ -46.006301307649252, -23.796826225983764 ], [ -46.006297053231172, -23.796824136272537 ], [ -46.006292759825584, -23.796822115200026 ], [ -46.006288428740298, -23.796820163381888 ], [ -46.006284061294586, -23.796818281412666 ], [ -46.006279658818826, -23.7968164698656 ], [ -46.00627522265404, -23.796814729292517 ], [ -46.006270754151522, -23.796813060223613 ], [ -46.006266254672411, -23.796811463167298 ], [ -46.006261725587294, -23.796809938610046 ], [ -46.006257168275759, -23.796808487016239 ], [ -46.006252584126003, -23.796807108828073 ], [ -46.006247974534396, -23.796805804465329 ], [ -46.006243340905058, -23.796804574325343 ], [ -46.006238684649432, -23.796803418782801 ], [ -46.006234007185839, -23.796802338189725 ], [ -46.006229309939087, -23.796801332875244 ], [ -46.00622459433999, -23.796800403145596 ], [ -46.006219861824952, -23.796799549283989 ], [ -46.006215113835545, -23.796798771550513 ], [ -46.006210351818034, -23.796798070182064 ], [ -46.006205577222971, -23.796797445392311 ], [ -46.006200791504739, -23.796796897371529 ], [ -46.0061959961211, -23.796796426286686 ], [ -46.006191192532775, -23.796796032281268 ], [ -46.006186382202962, -23.796795715475273 ], [ -46.006181566596936, -23.796795475965222 ], [ -46.00617674718157, -23.796795313824084 ], [ -46.00617192542488, -23.796795229101217 ], [ -46.006167102795629, -23.796795221822446 ] ] ] } },
{ "type": "Feature", "properties": { "fid": 8 }, "geometry": { "type": "Polygon", "coordinates": [ [ [ -46.022593878692277, -23.798786659286144 ], [ -46.022587082131878, -23.798786758610127 ], [ -46.022580288468689, -23.798786966458419 ], [ -46.022573499749313, -23.798787282768416 ], [ -46.022566718018851, -23.798787707444824 ], [ -46.022559945320303, -23.798788240359723 ], [ -46.022553183693958, -23.798788881352557 ], [ -46.022546435176757, -23.798789630230232 ], [ -46.022539701801698, -23.798790486767139 ], [ -46.022532985597209, -23.798791450705266 ], [ -46.022526288586562, -23.798792521754216 ], [ -46.022519612787228, -23.798793699591332 ], [ -46.022512960210307, -23.7987949838618 ], [ -46.022506332859884, -23.798796374178721 ], [ -46.022499732732463, -23.798797870123263 ], [ -46.022493161816335, -23.798799471244781 ], [ -46.022486622090995, -23.79880117706093 ], [ -46.022480115526541, -23.798802987057833 ], [ -46.022473644083085, -23.798804900690225 ], [ -46.022467209710165, -23.798806917381626 ], [ -46.022460814346125, -23.798809036524514 ], [ -46.022454459917583, -23.798811257480484 ], [ -46.022448148338832, -23.798813579580465 ], [ -46.022441881511227, -23.798816002124941 ], [ -46.022435661322667, -23.798818524384103 ], [ -46.022429489646989, -23.798821145598133 ], [ -46.022423368343432, -23.798823864977386 ], [ -46.022417299256027, -23.798826681702625 ], [ -46.022411284213106, -23.798829594925341 ], [ -46.022405325026718, -23.798832603767892 ], [ -46.022399423492068, -23.798835707323889 ], [ -46.022393581387014, -23.798838904658364 ], [ -46.022387800471492, -23.798842194808127 ], [ -46.02238208248702, -23.798845576782011 ], [ -46.022376429156154, -23.798849049561191 ], [ -46.022370842181971, -23.798852612099491 ], [ -46.022365323247556, -23.798856263323696 ], [ -46.0223598740155, -23.798860002133875 ], [ -46.022354496127406, -23.798863827403682 ], [ -46.022349191203368, -23.798867737980782 ], [ -46.022343960841511, -23.798871732687083 ], [ -46.022338806617505, -23.798875810319196 ], [ -46.022333730084057, -23.798879969648713 ], [ -46.022328732770497, -23.798884209422624 ], [ -46.022323816182279, -23.798888528363722 ], [ -46.022318981800552, -23.798892925170893 ], [ -46.022314231081673, -23.798897398519589 ], [ -46.022309565456823, -23.798901947062234 ], [ -46.022304986331534, -23.798906569428553 ], [ -46.022300495085283, -23.798911264226049 ], [ -46.022296093071077, -23.798916030040417 ], [ -46.022291781615039, -23.798920865435928 ], [ -46.022287562016018, -23.798925768955947 ], [ -46.022283435545184, -23.798930739123243 ], [ -46.022279403445651, -23.798935774440562 ], [ -46.022275466932108, -23.798940873391008 ], [ -46.022271627190449, -23.798946034438508 ], [ -46.022267885377424, -23.798951256028282 ], [ -46.022264242620267, -23.798956536587323 ], [ -46.022260700016368, -23.798961874524853 ], [ -46.022257258632969, -23.798967268232804 ], [ -46.022253919506802, -23.798972716086315 ], [ -46.022250683643804, -23.798978216444205 ], [ -46.02224755201879, -23.798983767649467 ], [ -46.022244525575189, -23.798989368029819 ], [ -46.022241605224743, -23.798995015898111 ], [ -46.022238791847208, -23.79900070955291 ], [ -46.022236086290157, -23.799006447279002 ], [ -46.022233489368645, -23.79901222734787 ], [ -46.022231001865023, -23.799018048018269 ], [ -46.022228624528672, -23.7990239075367 ], [ -46.022226358075784, -23.799029804137973 ], [ -46.02222420318914, -23.79903573604571 ], [ -46.022222160517934, -23.799041701472927 ], [ -46.02222023067754, -23.799047698622513 ], [ -46.02221841424933, -23.799053725687806 ], [ -46.022216711780537, -23.799059780853153 ], [ -46.022215123784051, -23.799065862294395 ], [ -46.022213650738273, -23.799071968179508 ], [ -46.022212293086973, -23.79907809666906 ], [ -46.022211051239168, -23.799084245916838 ], [ -46.02220992556898, -23.799090414070353 ], [ -46.022208916415551, -23.799096599271437 ], [ -46.022208024082893, -23.799102799656769 ], [ -46.022207248839848, -23.799109013358478 ], [ -46.022206590919978, -23.799115238504665 ], [ -46.02220605052149, -23.79912147321998 ], [ -46.02220562780721, -23.799127715626206 ], [ -46.022205322904504, -23.799133963842785 ], [ -46.02220513590521, -23.799140215987432 ], [ -46.022205066865723, -23.799146470176659 ], [ -46.022205115806827, -23.799152724526383 ], [ -46.022205282713806, -23.799158977152441 ], [ -46.022205567536389, -23.799165226171233 ], [ -46.022205970188793, -23.799171469700205 ], [ -46.022206490549749, -23.799177705858479 ], [ -46.02220712846249, -23.799183932767377 ], [ -46.022207883734872, -23.799190148551045 ], [ -46.022208756139378, -23.799196351336935 ], [ -46.022209745413214, -23.799202539256438 ], [ -46.022210851258379, -23.799208710445431 ], [ -46.022212073341734, -23.79921486304481 ], [ -46.022213411295148, -23.799220995201093 ], [ -46.022214864715579, -23.799227105066937 ], [ -46.022216433165184, -23.799233190801711 ], [ -46.022218116171473, -23.799239250572082 ], [ -46.022219913227474, -23.799245282552512 ], [ -46.022221823791803, -23.799251284925852 ], [ -46.022223847288927, -23.799257255883848 ], [ -46.022225983109273, -23.799263193627727 ], [ -46.022228230609429, -23.799269096368736 ], [ -46.02223058911234, -23.799274962328635 ], [ -46.022233057907513, -23.799280789740276 ], [ -46.022235636251231, -23.799286576848147 ], [ -46.022238323366764, -23.799292321908837 ], [ -46.022241118444633, -23.799298023191632 ], [ -46.022244020642809, -23.799303678978994 ], [ -46.022247029087019, -23.79930928756708 ], [ -46.022250142870952, -23.799314847266306 ], [ -46.022253361056599, -23.799320356401761 ], [ -46.02225668267446, -23.799325813313811 ], [ -46.022260106723913, -23.799331216358539 ], [ -46.022263632173448, -23.799336563908234 ], [ -46.022267257961033, -23.79934185435194 ], [ -46.022270982994385, -23.799347086095882 ], [ -46.02227480615133, -23.79935225756396 ], [ -46.022278726280142, -23.799357367198272 ], [ -46.022282742199863, -23.799362413459495 ], [ -46.022286852700695, -23.799367394827421 ], [ -46.022291056544354, -23.799372309801395 ], [ -46.022295352464404, -23.799377156900764 ], [ -46.022299739166691, -23.799381934665305 ], [ -46.022304215329719, -23.799386641655694 ], [ -46.022308779605019, -23.799391276453935 ], [ -46.022313430617587, -23.799395837663774 ], [ -46.022318166966308, -23.799400323911101 ], [ -46.022322987224335, -23.799404733844437 ], [ -46.02232788993954, -23.799409066135265 ], [ -46.022332873634966, -23.799413319478457 ], [ -46.022337936809272, -23.79941749259266 ], [ -46.022343077937137, -23.79942158422072 ], [ -46.022348295469783, -23.799425593130003 ], [ -46.022353587835411, -23.799429518112809 ], [ -46.022358953439685, -23.799433357986722 ], [ -46.022364390666176, -23.799437111594948 ], [ -46.022369897876899, -23.799440777806701 ], [ -46.022375473412794, -23.799444355517519 ], [ -46.0223811155942, -23.799447843649588 ], [ -46.022386822721387, -23.799451241152092 ], [ -46.022392593075054, -23.799454547001531 ], [ -46.022398424916858, -23.799457760201982 ], [ -46.022404316489933, -23.799460879785464 ], [ -46.022410266019399, -23.799463904812178 ], [ -46.022416271712956, -23.799466834370811 ], [ -46.022422331761334, -23.799469667578848 ], [ -46.022428444338928, -23.799472403582733 ], [ -46.022434607604289, -23.79947504155826 ], [ -46.022440819700712, -23.799477580710708 ], [ -46.022447078756763, -23.799480020275144 ], [ -46.022453382886866, -23.799482359516642 ], [ -46.022459730191869, -23.799484597730494 ], [ -46.022466118759617, -23.799486734242436 ], [ -46.022472546665519, -23.799488768408807 ], [ -46.022479011973132, -23.799490699616825 ], [ -46.022485512734747, -23.799492527284691 ], [ -46.022492046991985, -23.799494250861812 ], [ -46.022498612776353, -23.799495869828959 ], [ -46.022505208109877, -23.799497383698402 ], [ -46.022511831005673, -23.799498792014081 ], [ -46.022518479468559, -23.799500094351743 ], [ -46.022525151495643, -23.799501290319039 ], [ -46.022531845076955, -23.79950237955569 ], [ -46.022538558196004, -23.799503361733535 ], [ -46.022545288830422, -23.799504236556725 ], [ -46.022552034952568, -23.799505003761666 ], [ -46.022558794530148, -23.799505663117287 ], [ -46.022565565526783, -23.799506214424916 ], [ -46.022572345902688, -23.799506657518492 ], [ -46.022579133615224, -23.799506992264511 ], [ -46.022585926619563, -23.799507218562145 ], [ -46.022592722869263, -23.799507336343204 ], [ -46.022599520316916, -23.799507345572234 ], [ -46.022606316914768, -23.799507246246421 ], [ -46.022613110615282, -23.799507038395721 ], [ -46.02261989937184, -23.799506722082725 ], [ -46.022626681139272, -23.79950629740275 ], [ -46.022633453874541, -23.799505764483705 ], [ -46.022640215537322, -23.79950512348616 ], [ -46.022646964090626, -23.799504374603199 ], [ -46.022653697501404, -23.799503518060455 ], [ -46.022660413741193, -23.799502554115929 ], [ -46.022667110786678, -23.799501483060052 ], [ -46.022673786620331, -23.79950030521546 ], [ -46.022680439231046, -23.799499020936999 ], [ -46.022687066614658, -23.799497630611565 ], [ -46.02269366677465, -23.799496134658003 ], [ -46.022700237722674, -23.799494533526971 ], [ -46.022706777479215, -23.799492827700824 ], [ -46.022713284074115, -23.799491017693455 ], [ -46.022719755547243, -23.799489104050132 ], [ -46.022726189949019, -23.799487087347348 ], [ -46.022732585341068, -23.799484968192662 ], [ -46.022738939796724, -23.799482747224463 ], [ -46.022745251401687, -23.799480425111849 ], [ -46.022751518254545, -23.799478002554356 ], [ -46.022757738467376, -23.799475480281799 ], [ -46.022763910166319, -23.799472859054021 ], [ -46.022770031492122, -23.799470139660691 ], [ -46.022776100600694, -23.799467322921039 ], [ -46.022782115663695, -23.799464409683601 ], [ -46.022788074869055, -23.799461400826054 ], [ -46.022793976421532, -23.799458297254784 ], [ -46.022799818543263, -23.799455099904783 ], [ -46.022805599474282, -23.799451809739264 ], [ -46.022811317473057, -23.799448427749414 ], [ -46.022816970817019, -23.799444954954069 ], [ -46.022822557803067, -23.799441392399427 ], [ -46.022828076748098, -23.799437741158727 ], [ -46.022833525989519, -23.799434002331918 ], [ -46.022838903885706, -23.799430177045377 ], [ -46.022844208816565, -23.799426266451427 ], [ -46.02284943918395, -23.799422271728208 ], [ -46.022854593412205, -23.799418194079134 ], [ -46.022859669948595, -23.79941403473261 ], [ -46.022864667263804, -23.799409794941681 ], [ -46.022869583852355, -23.799405475983587 ], [ -46.02287441823313, -23.799401079159423 ], [ -46.022879168949743, -23.799396605793788 ], [ -46.022883834571033, -23.799392057234282 ], [ -46.022888413691476, -23.799387434851191 ], [ -46.022892904931581, -23.799382740037021 ], [ -46.022897306938361, -23.79937797420612 ], [ -46.022901618385696, -23.799373138794202 ], [ -46.022905837974761, -23.799368235257969 ], [ -46.02290996443439, -23.79936326507465 ], [ -46.022913996521474, -23.799358229741497 ], [ -46.022917933021347, -23.799353130775454 ], [ -46.022921772748127, -23.799347969712599 ], [ -46.022925514545101, -23.799342748107737 ], [ -46.022929157285034, -23.799337467533885 ], [ -46.022932699870552, -23.799332129581849 ], [ -46.022936141234453, -23.799326735859712 ], [ -46.022939480340021, -23.799321287992338 ], [ -46.02294271618134, -23.799315787620952 ], [ -46.022945847783632, -23.799310236402537 ], [ -46.022948874203479, -23.799304636009438 ], [ -46.022951794529185, -23.7992989881288 ], [ -46.022954607881005, -23.799293294462053 ], [ -46.02295731341141, -23.799287556724444 ], [ -46.022959910305381, -23.799281776644506 ], [ -46.022962397780596, -23.799275955963488 ], [ -46.022964775087701, -23.799270096434906 ], [ -46.022967041510547, -23.79926419982398 ], [ -46.022969196366375, -23.799258267907057 ], [ -46.022971239006047, -23.799252302471167 ], [ -46.022973168814225, -23.799246305313421 ], [ -46.022974985209558, -23.799240278240489 ], [ -46.022976687644871, -23.799234223068034 ], [ -46.022978275607315, -23.799228141620222 ], [ -46.022979748618518, -23.799222035729105 ], [ -46.022981106234759, -23.799215907234089 ], [ -46.022982348047059, -23.799209757981416 ], [ -46.022983473681336, -23.799203589823577 ], [ -46.022984482798506, -23.799197404618738 ], [ -46.022985375094585, -23.799191204230226 ], [ -46.022986150300781, -23.799184990525923 ], [ -46.022986808183582, -23.799178765377725 ], [ -46.02298734854481, -23.799172530660996 ], [ -46.0229877712217, -23.799166288253932 ], [ -46.022988076086939, -23.799160040037112 ], [ -46.022988263048688, -23.79915378789282 ], [ -46.022988332050659, -23.799147533704527 ], [ -46.022988283072074, -23.799141279356338 ], [ -46.022988116127699, -23.799135026732383 ], [ -46.022987831267855, -23.799128777716302 ], [ -46.022987428578368, -23.799122534190612 ], [ -46.022986908180563, -23.7991162980362 ], [ -46.022986270231236, -23.799110071131729 ], [ -46.022985514922581, -23.799103855353067 ], [ -46.022984642482157, -23.799097652572744 ], [ -46.022983653172808, -23.799091464659352 ], [ -46.022982547292571, -23.799085293477024 ], [ -46.022981325174626, -23.799079140884853 ], [ -46.022979987187149, -23.799073008736304 ], [ -46.022978533733223, -23.799066898878717 ], [ -46.022976965250741, -23.799060813152703 ], [ -46.022975282212201, -23.799054753391609 ], [ -46.022973485124659, -23.799048721420931 ], [ -46.0229715745295, -23.799042719057834 ], [ -46.022969551002312, -23.799036748110538 ], [ -46.022967415152699, -23.799030810377804 ], [ -46.022965167624108, -23.799024907648391 ], [ -46.022962809093627, -23.799019041700515 ], [ -46.022960340271787, -23.799013214301294 ], [ -46.022957761902333, -23.799007427206256 ], [ -46.022955074762031, -23.799001682158774 ], [ -46.022952279660387, -23.798995980889551 ], [ -46.022949377439453, -23.798990325116112 ], [ -46.02294636897355, -23.798984716542272 ], [ -46.022943255168975, -23.798979156857605 ], [ -46.02294003696381, -23.798973647737007 ], [ -46.022936715327539, -23.7989681908401 ], [ -46.022933291260827, -23.798962787810776 ], [ -46.022929765795197, -23.79895744027672 ], [ -46.022926139992713, -23.79895214984888 ], [ -46.022922414945668, -23.798946918121008 ], [ -46.022918591776239, -23.798941746669179 ], [ -46.022914671636187, -23.798936637051295 ], [ -46.022910655706475, -23.798931590806635 ], [ -46.022906545196911, -23.798926609455389 ], [ -46.022902341345791, -23.798921694498215 ], [ -46.022898045419566, -23.798916847415725 ], [ -46.022893658712384, -23.798912069668134 ], [ -46.022889182545775, -23.798907362694727 ], [ -46.022884618268172, -23.7989027279135 ], [ -46.02287996725461, -23.798898166720679 ], [ -46.022875230906195, -23.798893680490345 ], [ -46.02287041064978, -23.798889270573977 ], [ -46.022865507937489, -23.798884938300048 ], [ -46.022860524246262, -23.798880684973682 ], [ -46.022855461077462, -23.798876511876202 ], [ -46.02285031995639, -23.798872420264754 ], [ -46.022845102431802, -23.798868411371934 ], [ -46.022839810075503, -23.798864486405435 ], [ -46.022834444481823, -23.798860646547652 ], [ -46.022829007267156, -23.79885689295536 ], [ -46.022823500069492, -23.798853226759316 ], [ -46.022817924547866, -23.798849649063982 ], [ -46.022812282381928, -23.798846160947143 ], [ -46.022806575271389, -23.798842763459586 ], [ -46.022800804935521, -23.798839457624808 ], [ -46.022794973112653, -23.798836244438704 ], [ -46.022789081559644, -23.798833124869255 ], [ -46.022783132051309, -23.798830099856218 ], [ -46.022777126379964, -23.798827170310901 ], [ -46.022771066354828, -23.798824337115814 ], [ -46.022764953801477, -23.798821601124494 ], [ -46.022758790561348, -23.798818963161118 ], [ -46.022752578491108, -23.798816424020394 ], [ -46.022746319462158, -23.798813984467252 ], [ -46.022740015360036, -23.79881164523659 ], [ -46.022733668083866, -23.798809407033126 ], [ -46.022727279545769, -23.798807270531103 ], [ -46.0227208516703, -23.798805236374154 ], [ -46.022714386393858, -23.79880330517507 ], [ -46.022707885664119, -23.798801477515614 ], [ -46.022701351439437, -23.798799753946401 ], [ -46.022694785688245, -23.798798134986626 ], [ -46.022688190388493, -23.798796621124012 ], [ -46.022681567527016, -23.798795212814625 ], [ -46.022674919098954, -23.798793910482704 ], [ -46.022668247107156, -23.798792714520584 ], [ -46.022661553561555, -23.798791625288548 ], [ -46.022654840478602, -23.798790643114742 ], [ -46.022648109880606, -23.79878976829502 ], [ -46.022641363795174, -23.79878900109296 ], [ -46.022634604254563, -23.798788341739645 ], [ -46.02262783329509, -23.798787790433721 ], [ -46.022621052956517, -23.798787347341275 ], [ -46.022614265281419, -23.798787012595795 ], [ -46.022607472314597, -23.798786786298113 ], [ -46.022600676102428, -23.798786668516396 ], [ -46.022593878692277, -23.798786659286144 ] ] ] } },
{ "type": "Feature", "properties": { "fid": 9 }, "geometry": { "type": "Polygon", "coordinates": [ [ [ -46.025063004050132, -23.793342669882193 ], [ -46.025054647399372, -23.793342792502912 ], [ -46.025046294347014, -23.793343049305388 ], [ -46.025037947437447, -23.793343440211419 ], [ -46.025029609213192, -23.793343965101922 ], [ -46.025021282214141, -23.793344623817017 ], [ -46.025012968976739, -23.793345416156058 ], [ -46.025004672033269, -23.793346341877676 ], [ -46.024996393911017, -23.793347400699915 ], [ -46.024988137131579, -23.793348592300241 ], [ -46.024979904209999, -23.793349916315698 ], [ -46.024971697654095, -23.793351372342954 ], [ -46.024963519963634, -23.793352959938524 ], [ -46.024955373629609, -23.793354678618797 ], [ -46.024947261133434, -23.793356527860258 ], [ -46.024939184946248, -23.793358507099622 ], [ -46.024931147528093, -23.793360615733995 ], [ -46.024923151327243, -23.793362853121074 ], [ -46.024915198779389, -23.793365218579332 ], [ -46.024907292306935, -23.793367711388242 ], [ -46.024899434318243, -23.793370330788481 ], [ -46.02489162720692, -23.793373075982156 ], [ -46.024883873351065, -23.793375946133061 ], [ -46.02487617511256, -23.793378940366924 ], [ -46.024868534836358, -23.793382057771709 ], [ -46.024860954849729, -23.793385297397794 ], [ -46.024853437461601, -23.793388658258397 ], [ -46.024845984961821, -23.793392139329764 ], [ -46.024838599620495, -23.793395739551535 ], [ -46.024831283687242, -23.793399457827068 ], [ -46.024824039390559, -23.793403293023744 ], [ -46.024816868937101, -23.793407243973341 ], [ -46.024809774511077, -23.793411309472358 ], [ -46.024802758273481, -23.793415488282431 ], [ -46.024795822361526, -23.793419779130652 ], [ -46.024788968887954, -23.793424180710012 ], [ -46.024782199940383, -23.793428691679754 ], [ -46.0247755175807, -23.79343331066579 ], [ -46.024768923844398, -23.793438036261168 ], [ -46.024762420740004, -23.793442867026414 ], [ -46.02475601024841, -23.793447801490068 ], [ -46.024749694322317, -23.793452838149033 ], [ -46.024743474885618, -23.793457975469106 ], [ -46.024737353832805, -23.793463211885431 ], [ -46.024731333028406, -23.793468545802966 ], [ -46.024725414306424, -23.793473975596935 ], [ -46.024719599469755, -23.793479499613397 ], [ -46.024713890289654, -23.793485116169695 ], [ -46.024708288505202, -23.793490823554986 ], [ -46.024702795822762, -23.793496620030737 ], [ -46.024697413915455, -23.79350250383132 ], [ -46.024692144422673, -23.793508473164472 ], [ -46.024686988949561, -23.793514526211894 ], [ -46.024681949066526, -23.793520661129772 ], [ -46.024677026308773, -23.793526876049363 ], [ -46.024672222175845, -23.793533169077563 ], [ -46.024667538131126, -23.793539538297452 ], [ -46.02466297560143, -23.793545981768926 ], [ -46.024658535976563, -23.793552497529245 ], [ -46.024654220608888, -23.793559083593657 ], [ -46.024650030812921, -23.793565737955987 ], [ -46.024645967864934, -23.793572458589264 ], [ -46.024642033002543, -23.793579243446338 ], [ -46.024638227424376, -23.793586090460483 ], [ -46.024634552289648, -23.793592997546021 ], [ -46.024631008717868, -23.793599962599021 ], [ -46.024627597788459, -23.793606983497849 ], [ -46.024624320540433, -23.793614058103895 ], [ -46.024621177972101, -23.793621184262165 ], [ -46.024618171040728, -23.793628359801968 ], [ -46.024615300662283, -23.793635582537576 ], [ -46.024612567711131, -23.793642850268881 ], [ -46.024609973019764, -23.793650160782068 ], [ -46.024607517378591, -23.793657511850281 ], [ -46.024605201535628, -23.793664901234326 ], [ -46.024603026196331, -23.793672326683346 ], [ -46.024600992023366, -23.793679785935453 ], [ -46.024599099636369, -23.793687276718515 ], [ -46.024597349611803, -23.793694796750763 ], [ -46.024595742482767, -23.793702343741515 ], [ -46.024594278738846, -23.793709915391911 ], [ -46.02459295882592, -23.793717509395545 ], [ -46.024591783146079, -23.793725123439199 ], [ -46.024590752057463, -23.793732755203585 ], [ -46.024589865874198, -23.793740402363987 ], [ -46.024589124866218, -23.793748062591007 ], [ -46.024588529259297, -23.793755733551276 ], [ -46.024588079234867, -23.79376341290812 ], [ -46.024587774930048, -23.793771098322363 ], [ -46.02458761643755, -23.793778787452933 ], [ -46.024587603805678, -23.79378647795766 ], [ -46.024587737038324, -23.793794167493928 ], [ -46.024588016094903, -23.793801853719437 ], [ -46.024588440890454, -23.79380953429289 ], [ -46.024589011295603, -23.793817206874692 ], [ -46.024589727136622, -23.793824869127725 ], [ -46.02459058819548, -23.793832518717959 ], [ -46.024591594209923, -23.793840153315273 ], [ -46.024592744873537, -23.793847770594073 ], [ -46.024594039835833, -23.793855368234077 ], [ -46.024595478702388, -23.79386294392096 ], [ -46.024597061034918, -23.793870495347086 ], [ -46.024598786351469, -23.793878020212201 ], [ -46.024600654126502, -23.793885516224176 ], [ -46.024602663791107, -23.793892981099635 ], [ -46.024604814733138, -23.7939004125647 ], [ -46.024607106297424, -23.793907808355669 ], [ -46.024609537785949, -23.793915166219698 ], [ -46.024612108458086, -23.793922483915509 ], [ -46.024614817530797, -23.793929759214059 ], [ -46.024617664178884, -23.793936989899212 ], [ -46.024620647535265, -23.793944173768409 ], [ -46.024623766691192, -23.793951308633382 ], [ -46.024627020696563, -23.793958392320771 ], [ -46.024630408560185, -23.793965422672805 ], [ -46.024633929250108, -23.793972397547947 ], [ -46.024637581693909, -23.793979314821602 ], [ -46.024641364779022, -23.793986172386663 ], [ -46.024645277353116, -23.793992968154264 ], [ -46.024649318224384, -23.793999700054314 ], [ -46.024653486161952, -23.794006366036218 ], [ -46.024657779896245, -23.794012964069442 ], [ -46.024662198119344, -23.794019492144141 ], [ -46.024666739485447, -23.794025948271802 ], [ -46.024671402611204, -23.794032330485805 ], [ -46.024676186076206, -23.794038636842053 ], [ -46.024681088423357, -23.794044865419554 ], [ -46.024686108159358, -23.794051014321035 ], [ -46.024691243755171, -23.794057081673444 ], [ -46.024696493646452, -23.794063065628617 ], [ -46.02470185623401, -23.794068964363749 ], [ -46.024707329884386, -23.794074776082027 ], [ -46.024712912930227, -23.794080499013138 ], [ -46.024718603670898, -23.794086131413806 ], [ -46.024724400372953, -23.794091671568339 ], [ -46.024730301270644, -23.794097117789129 ], [ -46.024736304566517, -23.794102468417204 ], [ -46.024742408431891, -23.794107721822702 ], [ -46.024748611007482, -23.794112876405364 ], [ -46.024754910403914, -23.794117930595046 ], [ -46.024761304702317, -23.794122882852182 ], [ -46.024767791954943, -23.794127731668262 ], [ -46.024774370185682, -23.794132475566258 ], [ -46.024781037390746, -23.794137113101144 ], [ -46.024787791539232, -23.794141642860254 ], [ -46.024794630573751, -23.794146063463781 ], [ -46.024801552411056, -23.794150373565149 ], [ -46.024808554942673, -23.79415457185145 ], [ -46.024815636035562, -23.794158657043841 ], [ -46.024822793532742, -23.794162627897915 ], [ -46.024830025253941, -23.794166483204101 ], [ -46.024837328996313, -23.79417022178804 ], [ -46.024844702535034, -23.794173842510897 ], [ -46.024852143624052, -23.794177344269755 ], [ -46.024859649996721, -23.794180725997943 ], [ -46.024867219366506, -23.794183986665349 ], [ -46.02487484942769, -23.794187125278729 ], [ -46.024882537856058, -23.79419014088203 ], [ -46.024890282309634, -23.794193032556635 ], [ -46.024898080429345, -23.794195799421725 ], [ -46.024905929839811, -23.794198440634496 ], [ -46.024913828149991, -23.794200955390373 ], [ -46.024921772953967, -23.794203342923346 ], [ -46.024929761831643, -23.794205602506139 ], [ -46.024937792349519, -23.794207733450442 ], [ -46.024945862061394, -23.79420973510717 ], [ -46.024953968509138, -23.794211606866575 ], [ -46.024962109223431, -23.794213348158507 ], [ -46.024970281724492, -23.794214958452532 ], [ -46.024978483522879, -23.794216437258161 ], [ -46.024986712120231, -23.794217784124903 ], [ -46.024994965010002, -23.794218998642503 ], [ -46.025003239678263, -23.794220080440997 ], [ -46.025011533604442, -23.794221029190851 ], [ -46.025019844262104, -23.794221844603083 ], [ -46.025028169119722, -23.794222526429301 ], [ -46.025036505641431, -23.794223074461808 ], [ -46.025044851287824, -23.794223488533675 ], [ -46.025053203516705, -23.794223768518762 ], [ -46.025061559783886, -23.794223914331781 ], [ -46.025069917543931, -23.794223925928328 ], [ -46.025078274250973, -23.794223803304867 ], [ -46.025086627359443, -23.79422354649876 ], [ -46.025094974324887, -23.794223155588213 ], [ -46.025103312604699, -23.794222630692314 ], [ -46.025111639658945, -23.794221971970959 ], [ -46.025119952951087, -23.794221179624799 ], [ -46.025128249948807, -23.794220253895194 ], [ -46.025136528124712, -23.794219195064141 ], [ -46.025144784957192, -23.794218003454159 ], [ -46.025153017931089, -23.794216679428239 ], [ -46.025161224538543, -23.794215223389699 ], [ -46.025169402279722, -23.79421363578205 ], [ -46.025177548663578, -23.794211917088926 ], [ -46.025185661208624, -23.794210067833838 ], [ -46.025193737443679, -23.79420808858011 ], [ -46.025201774908616, -23.794205979930638 ], [ -46.025209771155133, -23.794203742527767 ], [ -46.025217723747467, -23.794201377053 ], [ -46.025225630263165, -23.794198884226912 ], [ -46.0252334882938, -23.794196264808853 ], [ -46.025241295445738, -23.794193519596728 ], [ -46.0252490493408, -23.794190649426767 ], [ -46.025256747617071, -23.794187655173253 ], [ -46.025264387929568, -23.794184537748272 ], [ -46.025271967950964, -23.794181298101442 ], [ -46.02527948537228, -23.79417793721959 ], [ -46.02528693790363, -23.794174456126498 ], [ -46.025294323274885, -23.794170855882534 ], [ -46.025301639236382, -23.794167137584381 ], [ -46.025308883559582, -23.794163302364677 ], [ -46.025316054037795, -23.794159351391684 ], [ -46.025323148486798, -23.794155285868921 ], [ -46.025330164745561, -23.794151107034786 ], [ -46.025337100676843, -23.794146816162215 ], [ -46.025343954167887, -23.794142414558241 ], [ -46.025350723131034, -23.794137903563666 ], [ -46.025357405504401, -23.79413328455259 ], [ -46.025363999252463, -23.794128558932012 ], [ -46.025370502366691, -23.794123728141422 ], [ -46.025376912866172, -23.794118793652324 ], [ -46.025383228798191, -23.794113756967839 ], [ -46.025389448238862, -23.794108619622197 ], [ -46.025395569293678, -23.794103383180286 ], [ -46.025401590098113, -23.794098049237196 ], [ -46.025407508818162, -23.794092619417714 ], [ -46.02541332365093, -23.794087095375819 ], [ -46.025419032825162, -23.794081478794197 ], [ -46.025424634601798, -23.794075771383735 ], [ -46.025430127274475, -23.794069974882973 ], [ -46.025435509170087, -23.794064091057596 ], [ -46.025440778649262, -23.794058121699877 ], [ -46.025445934106855, -23.794052068628144 ], [ -46.02545097397249, -23.794045933686256 ], [ -46.025455896710973, -23.794039718742972 ], [ -46.025460700822798, -23.794033425691442 ], [ -46.025465384844608, -23.794027056448595 ], [ -46.025469947349606, -23.794020612954576 ], [ -46.025474386948019, -23.794014097172145 ], [ -46.025478702287508, -23.794007511086075 ], [ -46.02548289205361, -23.794000856702574 ], [ -46.025486954970077, -23.793994136048646 ], [ -46.025490889799336, -23.793987351171467 ], [ -46.0254946953428, -23.793980504137775 ], [ -46.025498370441284, -23.793973597033276 ], [ -46.025501913975347, -23.793966631961929 ], [ -46.025505324865591, -23.793959611045384 ], [ -46.02550860207306, -23.793952536422282 ], [ -46.025511744599491, -23.793945410247623 ], [ -46.025514751487663, -23.793938234692138 ], [ -46.02551762182167, -23.793931011941552 ], [ -46.025520354727206, -23.793923744196007 ], [ -46.025522949371819, -23.793916433669335 ], [ -46.025525404965173, -23.793909082588392 ], [ -46.025527720759293, -23.793901693192399 ], [ -46.025529896048788, -23.793894267732245 ], [ -46.025531930171063, -23.793886808469793 ], [ -46.025533822506539, -23.79387931767722 ], [ -46.025535572478809, -23.793871797636296 ], [ -46.025537179554838, -23.793864250637714 ], [ -46.02553864324512, -23.79385667898034 ], [ -46.025539963103817, -23.793849084970596 ], [ -46.025541138728933, -23.793841470921684 ], [ -46.025542169762367, -23.793833839152935 ], [ -46.02554305589009, -23.793826191989048 ], [ -46.0255437968422, -23.793818531759438 ], [ -46.025544392393023, -23.793810860797457 ], [ -46.025544842361171, -23.793803181439799 ], [ -46.025545146609616, -23.793795496025623 ], [ -46.025545305045696, -23.793787806896024 ], [ -46.02554531762118, -23.793780116393158 ], [ -46.025545184332266, -23.793772426859629 ], [ -46.025544905219562, -23.793764740637759 ], [ -46.02554448036814, -23.79375706006882 ], [ -46.025543909907434, -23.793749387492412 ], [ -46.025543194011227, -23.793741725245642 ], [ -46.025542332897608, -23.793734075662531 ], [ -46.025541326828929, -23.793726441073193 ], [ -46.025540176111647, -23.793718823803211 ], [ -46.025538881096324, -23.793711226172856 ], [ -46.025537442177459, -23.793703650496447 ], [ -46.025535859793372, -23.793696099081604 ], [ -46.025534134426103, -23.793688574228565 ], [ -46.025532266601232, -23.79368107822944 ], [ -46.025530256887755, -23.793673613367602 ], [ -46.025528105897862, -23.793666181916912 ], [ -46.025525814286787, -23.793658786141037 ], [ -46.025523382752603, -23.793651428292812 ], [ -46.025520812035992, -23.793644110613503 ], [ -46.025518102920039, -23.79363683533213 ], [ -46.025515256230001, -23.793629604664801 ], [ -46.025512272833012, -23.793622420814049 ], [ -46.02550915363787, -23.793615285968134 ], [ -46.025505899594727, -23.793608202300387 ], [ -46.025502511694803, -23.793601171968565 ], [ -46.025498990970128, -23.79359419711415 ], [ -46.025495338493137, -23.79358727986175 ], [ -46.025491555376441, -23.793580422318417 ], [ -46.025487642772433, -23.793573626573011 ], [ -46.025483601872928, -23.793566894695577 ], [ -46.025479433908842, -23.793560228736698 ], [ -46.025475140149787, -23.793553630726883 ], [ -46.025470721903709, -23.79354710267592 ], [ -46.025466180516446, -23.793540646572325 ], [ -46.025461517371355, -23.793534264382675 ], [ -46.025456733888895, -23.793527958051037 ], [ -46.025451831526155, -23.793521729498359 ], [ -46.025446811776462, -23.793515580621925 ], [ -46.025441676168889, -23.793509513294719 ], [ -46.025436426267788, -23.793503529364887 ], [ -46.025431063672336, -23.7934976306552 ], [ -46.025425590016035, -23.793491818962444 ], [ -46.025420006966222, -23.793486096056903 ], [ -46.025414316223539, -23.79348046368181 ], [ -46.025408519521456, -23.793474923552846 ], [ -46.025402618625698, -23.793469477357561 ], [ -46.025396615333726, -23.793464126754916 ], [ -46.025390511474214, -23.793458873374735 ], [ -46.025384308906439, -23.793453718817258 ], [ -46.025378009519777, -23.793448664652587 ], [ -46.025371615233063, -23.793443712420245 ], [ -46.025365127994057, -23.793438863628737 ], [ -46.025358549778836, -23.793434119755041 ], [ -46.025351882591174, -23.793429482244171 ], [ -46.025345128461943, -23.793424952508751 ], [ -46.025338289448527, -23.793420531928557 ], [ -46.025331367634145, -23.793416221850141 ], [ -46.025324365127219, -23.793412023586395 ], [ -46.025317284060783, -23.79340793841612 ], [ -46.025310126591791, -23.793403967583696 ], [ -46.025302894900456, -23.793400112298666 ], [ -46.025295591189604, -23.793396373735391 ], [ -46.025288217684015, -23.793392753032641 ], [ -46.0252807766297, -23.79338925129333 ], [ -46.025273270293269, -23.793385869584096 ], [ -46.025265700961214, -23.793382608935037 ], [ -46.025258070939188, -23.793379470339378 ], [ -46.025250382551384, -23.793376454753133 ], [ -46.025242638139716, -23.793373563094917 ], [ -46.025234840063185, -23.793370796245505 ], [ -46.025226990697156, -23.793368155047716 ], [ -46.025219092432607, -23.793365640306078 ], [ -46.025211147675378, -23.793363252786595 ], [ -46.025203158845528, -23.793360993216535 ], [ -46.025195128376495, -23.793358862284165 ], [ -46.025187058714408, -23.793356860638582 ], [ -46.025178952317354, -23.793354988889515 ], [ -46.025170811654597, -23.793353247607097 ], [ -46.025162639205831, -23.793351637321749 ], [ -46.025154437460436, -23.793350158523953 ], [ -46.025146208916738, -23.793348811664195 ], [ -46.025137956081181, -23.793347597152703 ], [ -46.025129681467654, -23.79334651535946 ], [ -46.025121387596649, -23.793345566613969 ], [ -46.025113076994536, -23.793344751205218 ], [ -46.025104752192789, -23.793344069381604 ], [ -46.025096415727184, -23.793343521350806 ], [ -46.025088070137066, -23.79334310727976 ], [ -46.025079717964566, -23.793342827294591 ], [ -46.025071361753803, -23.79334268148061 ], [ -46.025063004050132, -23.793342669882193 ] ] ] } }
]
}
